user_id,product_id,event_type,rating,timestamp
U0113,P0074,view,,2024-05-08
U0233,P0074,purchase,1.0,2024-03-03
U0017,P0074,view,,2024-08-23
U0360,P0074,view,,2024-11-27
U0223,P0074,purchase,,2024-08-17
U0354,P0074,view,3.0,2024-07-08
U0188,P0074,view,,2024-07-07
U0448,P0074,purchase,4.0,2024-06-16
U0344,P0009,purchase,,2024-04-04
U0365,P0021,view,,2024-06-05
U0163,P0074,view,5.0,2024-10-17
U0496,P0074,purchase,2.0,2024-12-13
U0326,P0009,view,,2024-12-06
U0467,P0074,view,3.0,2024-05-18
U0414,P0074,view,2.0,2024-07-09
U0455,P0021,view,,2024-02-25
U0074,P0074,add_to_cart,,2024-01-07
U0233,P0074,add_to_cart,,2024-02-20
U0224,P0074,add_to_cart,,2024-02-08
U0482,P0074,view,,2024-10-24
U0319,P0074,view,,2024-03-12
U0412,P0052,add_to_cart,5.0,2024-09-12
U0060,P0074,view,1.0,2024-11-04
U0335,P0074,purchase,1.0,2024-03-31
U0222,P0074,add_to_cart,4.0,2024-05-28
U0037,P0021,view,4.0,2024-01-30
U0477,P0021,view,,2024-05-02
U0278,P0009,add_to_cart,,2024-08-24
U0196,P0074,purchase,4.0,2024-10-06
U0404,P0074,view,,2024-05-04
U0352,P0074,add_to_cart,,2024-05-13
U0484,P0074,view,3.0,2024-01-06
U0242,P0074,view,2.0,2024-07-15
U0324,P0074,view,5.0,2024-07-08
U0219,P0025,add_to_cart,4.0,2024-10-17
U0192,P0074,purchase,,2024-08-23
U0012,P0074,view,2.0,2024-02-04
U0406,P0077,add_to_cart,4.0,2024-10-30
U0401,P0074,view,,2024-12-26
U0394,P0074,view,1.0,2024-03-12
U0374,P0074,view,,2024-02-12
U0193,P0074,view,2.0,2024-10-17
U0022,P0074,add_to_cart,,2024-05-12
U0474,P0074,add_to_cart,,2024-10-13
U0120,P0021,view,,2024-04-15
U0210,P0074,view,,2024-06-07
U0306,P0021,view,,2024-12-22
U0270,P0074,view,,2024-01-08
U0192,P0074,view,,2024-09-18
U0175,P0074,view,1.0,2024-12-08
U0285,P0074,add_to_cart,,2024-03-20
U0204,P0074,add_to_cart,,2024-02-13
U0164,P0074,view,4.0,2024-06-25
U0251,P0074,add_to_cart,,2024-03-04
U0227,P0074,purchase,,2024-10-14
U0436,P0074,view,,2024-11-04
U0381,P0074,view,,2024-04-22
U0460,P0074,view,,2024-11-14
U0007,P0074,view,,2024-07-26
U0029,P0074,add_to_cart,5.0,2024-08-13
U0395,P0074,add_to_cart,,2024-11-28
U0033,P0021,view,,2024-10-04
U0134,P0021,add_to_cart,,2024-10-13
U0367,P0025,add_to_cart,3.0,2024-10-06
U0079,P0074,view,1.0,2024-01-03
U0416,P0074,view,,2024-02-02
U0435,P0074,purchase,4.0,2024-11-02
U0459,P0074,purchase,,2024-08-01
U0058,P0074,add_to_cart,3.0,2024-01-30
U0471,P0074,purchase,1.0,2024-01-25
U0026,P0074,view,1.0,2024-01-28
U0430,P0074,view,,2024-03-27
U0226,P0074,view,5.0,2024-01-26
U0004,P0074,purchase,,2024-07-19
U0465,P0074,add_to_cart,,2024-12-22
U0099,P0074,view,,2024-12-18
U0397,P0009,view,2.0,2024-01-15
U0489,P0074,view,3.0,2024-10-31
U0039,P0074,view,,2024-09-10
U0271,P0074,add_to_cart,,2024-04-20
U0375,P0074,view,4.0,2024-01-08
U0285,P0074,purchase,5.0,2024-12-06
U0157,P0074,purchase,,2024-05-07
U0075,P0074,view,,2024-07-04
U0372,P0074,view,,2024-01-14
U0288,P0021,add_to_cart,5.0,2024-08-17
U0130,P0021,view,4.0,2024-03-31
U0175,P0072,add_to_cart,4.0,2024-01-04
U0462,P0021,view,2.0,2024-05-31
U0084,P0074,view,,2024-08-06
U0022,P0021,view,5.0,2024-03-16
U0459,P0074,view,,2024-10-10
U0027,P0021,purchase,,2024-12-20
U0195,P0074,view,4.0,2024-08-03
U0337,P0021,purchase,,2024-06-07
U0382,P0074,add_to_cart,,2024-09-07
U0236,P0072,add_to_cart,,2024-03-07
U0440,P0074,view,2.0,2024-08-09
U0092,P0074,view,2.0,2024-07-10
U0477,P0009,view,4.0,2024-08-06
U0021,P0074,view,2.0,2024-01-17
U0303,P0021,add_to_cart,,2024-04-16
U0464,P0074,view,,2024-08-14
U0357,P0021,purchase,2.0,2024-03-21
U0443,P0074,view,,2024-09-23
U0084,P0074,add_to_cart,,2024-06-14
U0262,P0074,view,,2024-12-22
U0147,P0074,add_to_cart,2.0,2024-08-21
U0441,P0074,purchase,3.0,2024-06-10
U0453,P0074,view,,2024-06-23
U0387,P0074,view,4.0,2024-06-08
U0257,P0074,add_to_cart,,2024-12-28
U0058,P0074,view,,2024-07-03
U0380,P0074,view,,2024-06-22
U0422,P0074,view,,2024-08-25
U0015,P0074,purchase,4.0,2024-06-11
U0162,P0074,purchase,,2024-08-25
U0445,P0021,add_to_cart,3.0,2024-04-15
U0163,P0074,add_to_cart,,2024-04-27
U0320,P0074,add_to_cart,3.0,2024-08-19
U0497,P0074,view,,2024-03-16
U0281,P0074,view,5.0,2024-01-05
U0280,P0074,view,,2024-08-05
U0012,P0074,purchase,,2024-10-08
U0274,P0074,add_to_cart,,2024-11-28
U0271,P0074,view,5.0,2024-08-23
U0492,P0072,add_to_cart,,2024-11-18
U0208,P0074,view,3.0,2024-02-01
U0027,P0074,add_to_cart,,2024-06-25
U0072,P0074,view,,2024-04-28
U0060,P0052,view,,2024-07-08
U0473,P0074,add_to_cart,,2024-12-30
U0145,P0074,view,,2024-03-19
U0093,P0074,view,,2024-11-17
U0309,P0074,add_to_cart,,2024-05-18
U0008,P0074,add_to_cart,,2024-12-01
U0079,P0074,purchase,,2024-08-13
U0027,P0074,view,5.0,2024-09-22
U0174,P0074,purchase,4.0,2024-11-28
U0050,P0074,view,1.0,2024-08-11
U0500,P0037,add_to_cart,,2024-02-29
U0199,P0074,add_to_cart,,2024-09-20
U0387,P0021,view,,2024-02-17
U0349,P0074,view,,2024-03-21
U0448,P0074,add_to_cart,,2024-10-23
U0428,P0074,view,4.0,2024-01-08
U0181,P0021,add_to_cart,1.0,2024-12-14
U0024,P0074,view,,2024-09-05
U0316,P0074,view,1.0,2024-08-31
U0378,P0009,view,3.0,2024-06-13
U0387,P0074,add_to_cart,,2024-12-12
U0046,P0074,add_to_cart,1.0,2024-07-05
U0015,P0074,view,5.0,2024-09-05
U0153,P0074,add_to_cart,,2024-05-06
U0222,P0074,view,3.0,2024-03-28
U0206,P0074,view,,2024-02-14
U0455,P0009,add_to_cart,2.0,2024-10-08
U0273,P0074,view,,2024-09-02
U0382,P0074,view,,2024-08-05
U0236,P0074,purchase,,2024-01-15
U0340,P0009,view,,2024-09-12
U0228,P0074,view,,2024-11-09
U0009,P0076,view,,2024-06-25
U0166,P0074,view,,2024-11-30
U0432,P0074,view,,2024-08-02
U0444,P0074,view,,2024-01-25
U0319,P0074,add_to_cart,,2024-11-19
U0214,P0074,view,,2024-10-18
U0117,P0074,add_to_cart,3.0,2024-04-26
U0386,P0074,view,,2024-03-20
U0344,P0074,view,,2024-06-23
U0072,P0033,view,,2024-08-19
U0395,P0021,add_to_cart,,2024-11-10
U0064,P0074,view,2.0,2024-02-09
U0205,P0074,add_to_cart,,2024-06-19
U0209,P0074,view,,2024-04-26
U0072,P0074,add_to_cart,4.0,2024-07-02
U0277,P0021,view,,2024-03-21
U0274,P0074,view,,2024-03-11
U0478,P0074,view,3.0,2024-05-19
U0320,P0074,view,5.0,2024-07-11
U0338,P0074,view,5.0,2024-06-19
U0366,P0009,view,,2024-04-10
U0495,P0074,add_to_cart,,2024-03-10
U0095,P0074,view,4.0,2024-06-22
U0032,P0074,view,5.0,2024-08-02
U0011,P0074,view,,2024-01-25
U0301,P0074,view,4.0,2024-03-29
U0217,P0074,view,,2024-05-10
U0289,P0074,add_to_cart,,2024-07-14
U0102,P0074,view,,2024-11-14
U0425,P0074,view,4.0,2024-10-12
U0392,P0074,view,1.0,2024-08-12
U0267,P0021,view,,2024-12-14
U0179,P0009,view,,2024-12-06
U0088,P0074,view,3.0,2024-11-22
U0041,P0074,view,,2024-05-28
U0401,P0074,purchase,,2024-03-11
U0076,P0074,view,,2024-05-08
U0377,P0115,view,,2024-10-16
U0046,P0074,view,,2024-03-27
U0160,P0074,view,,2024-01-18
U0463,P0074,purchase,,2024-02-12
U0080,P0074,view,3.0,2024-03-16
U0310,P0074,view,,2024-11-29
U0086,P0074,add_to_cart,2.0,2024-02-10
U0148,P0074,purchase,1.0,2024-12-30
U0161,P0074,purchase,,2024-10-06
U0202,P0074,view,,2024-10-06
U0424,P0074,view,,2024-09-15
U0416,P0021,view,,2024-11-24
U0242,P0021,view,4.0,2024-01-24
U0353,P0074,view,,2024-10-22
U0002,P0074,view,,2024-11-22
U0225,P0074,purchase,,2024-04-18
U0289,P0074,view,,2024-12-24
U0461,P0074,add_to_cart,3.0,2024-11-13
U0414,P0009,purchase,,2024-12-06
U0417,P0074,view,2.0,2024-11-12
U0077,P0074,view,,2024-12-14
U0116,P0074,add_to_cart,,2024-01-27
U0154,P0074,add_to_cart,2.0,2024-05-05
U0406,P0074,purchase,,2024-11-11
U0103,P0074,add_to_cart,2.0,2024-06-18
U0194,P0074,view,1.0,2024-02-16
U0166,P0009,view,,2024-12-08
U0359,P0074,view,,2024-06-29
U0090,P0074,view,4.0,2024-12-30
U0174,P0074,view,,2024-03-13
U0122,P0052,add_to_cart,,2024-05-01
U0498,P0074,purchase,4.0,2024-12-18
U0143,P0021,add_to_cart,,2024-07-04
U0106,P0074,view,,2024-11-14
U0375,P0074,purchase,5.0,2024-03-22
U0305,P0074,view,5.0,2024-10-07
U0317,P0074,view,4.0,2024-12-20
U0451,P0074,purchase,3.0,2024-04-15
U0123,P0074,purchase,,2024-11-07
U0390,P0074,purchase,,2024-05-09
U0009,P0021,view,3.0,2024-07-23
U0262,P0074,purchase,,2024-02-22
U0073,P0074,purchase,2.0,2024-10-23
U0359,P0074,purchase,,2024-10-05
U0223,P0074,add_to_cart,5.0,2024-07-07
U0416,P0074,add_to_cart,,2024-08-02
U0370,P0021,purchase,1.0,2024-09-14
U0204,P0074,view,,2024-02-29
U0264,P0074,view,,2024-03-18
U0328,P0074,purchase,,2024-01-23
U0178,P0074,view,,2024-07-03
U0348,P0074,view,,2024-02-04
U0318,P0183,purchase,,2024-01-01
U0084,P0074,purchase,,2024-04-14
U0318,P0021,view,,2024-06-24
U0111,P0074,purchase,,2024-02-18
U0251,P0074,view,,2024-06-16
U0383,P0074,view,,2024-11-13
U0388,P0071,purchase,,2024-10-16
U0390,P0074,add_to_cart,,2024-04-30
U0314,P0074,purchase,,2024-07-10
U0410,P0074,view,4.0,2024-06-29
U0383,P0074,purchase,,2024-12-17
U0003,P0074,purchase,,2024-08-12
U0127,P0074,view,4.0,2024-08-21
U0297,P0072,view,,2024-09-22
U0188,P0074,add_to_cart,,2024-12-11
U0362,P0074,add_to_cart,,2024-11-09
U0014,P0074,purchase,,2024-12-30
U0466,P0074,view,4.0,2024-07-29
U0087,P0074,view,1.0,2024-04-18
U0397,P0074,view,3.0,2024-09-09
U0025,P0074,view,5.0,2024-01-12
U0301,P0074,add_to_cart,,2024-04-27
U0243,P0074,view,1.0,2024-03-28
U0122,P0074,view,,2024-12-09
U0055,P0155,purchase,5.0,2024-05-09
U0238,P0021,view,5.0,2024-11-24
U0356,P0074,view,,2024-07-01
U0173,P0074,purchase,3.0,2024-03-23
U0221,P0009,add_to_cart,,2024-01-05
U0119,P0021,view,4.0,2024-10-29
U0309,P0074,view,,2024-01-24
U0183,P0074,add_to_cart,,2024-04-30
U0288,P0074,add_to_cart,,2024-04-04
U0307,P0074,view,,2024-08-11
U0300,P0074,view,,2024-08-26
U0082,P0074,purchase,,2024-08-14
U0454,P0074,view,,2024-05-21
U0402,P0074,view,,2024-02-20
U0211,P0074,purchase,3.0,2024-05-24
U0150,P0021,view,,2024-12-03
U0037,P0021,add_to_cart,,2024-11-23
U0352,P0074,purchase,,2024-11-02
U0312,P0074,view,,2024-02-21
U0361,P0074,view,,2024-01-12
U0059,P0074,purchase,4.0,2024-12-02
U0131,P0074,view,,2024-04-04
U0412,P0074,view,3.0,2024-05-08
U0202,P0074,purchase,,2024-01-11
U0243,P0074,add_to_cart,,2024-09-28
U0035,P0074,purchase,3.0,2024-12-22
U0445,P0074,view,,2024-04-01
U0438,P0074,view,,2024-05-02
U0447,P0074,add_to_cart,2.0,2024-09-20
U0207,P0074,view,,2024-10-07
U0391,P0074,view,,2024-07-08
U0332,P0074,view,,2024-10-05
U0305,P0021,view,,2024-10-26
U0350,P0074,view,,2024-02-25
U0213,P0074,purchase,,2024-07-14
U0159,P0021,view,,2024-01-23
U0442,P0009,add_to_cart,,2024-09-21
U0445,P0074,purchase,,2024-09-01
U0293,P0074,view,4.0,2024-07-28
U0220,P0074,view,,2024-12-19
U0364,P0074,add_to_cart,2.0,2024-06-18
U0382,P0074,purchase,,2024-12-04
U0020,P0074,purchase,1.0,2024-10-16
U0152,P0074,add_to_cart,4.0,2024-12-26
U0050,P0074,purchase,,2024-12-28
U0177,P0074,view,,2024-02-12
U0435,P0074,view,4.0,2024-07-13
U0096,P0074,view,,2024-01-12
U0105,P0074,view,2.0,2024-09-28
U0420,P0074,purchase,,2024-03-02
U0250,P0009,view,,2024-01-17
U0117,P0074,purchase,3.0,2024-09-27
U0354,P0074,add_to_cart,1.0,2024-01-26
U0228,P0074,add_to_cart,,2024-02-14
U0066,P0074,view,,2024-05-24
U0335,P0074,view,5.0,2024-03-05
U0418,P0074,purchase,,2024-12-15
U0420,P0074,view,,2024-10-12
U0295,P0074,view,,2024-12-27
U0426,P0074,purchase,,2024-10-26
U0243,P0074,purchase,,2024-04-05
U0371,P0074,view,,2024-02-29
U0186,P0074,view,,2024-09-13
U0246,P0074,add_to_cart,4.0,2024-01-19
U0125,P0052,view,,2024-02-02
U0268,P0074,view,1.0,2024-03-31
U0131,P0021,add_to_cart,4.0,2024-08-25
U0237,P0074,view,,2024-01-24
U0018,P0160,view,,2024-08-14
U0040,P0074,view,4.0,2024-12-04
U0399,P0128,view,5.0,2024-01-06
U0225,P0074,view,,2024-02-27
U0355,P0074,view,5.0,2024-04-09
U0282,P0074,view,,2024-05-01
U0100,P0074,purchase,,2024-06-05
U0240,P0074,view,,2024-07-19
U0478,P0074,purchase,,2024-08-12
U0298,P0074,view,,2024-05-30
U0014,P0074,view,,2024-03-21
U0334,P0074,add_to_cart,1.0,2024-04-09
U0375,P0021,view,,2024-09-08
U0293,P0074,purchase,4.0,2024-05-12
U0325,P0074,view,,2024-04-08
U0493,P0074,view,,2024-09-21
U0318,P0074,view,,2024-07-17
U0316,P0021,view,,2024-07-11
U0111,P0074,view,2.0,2024-02-26
U0014,P0074,add_to_cart,,2024-09-18
U0231,P0074,add_to_cart,,2024-08-17
U0473,P0074,purchase,,2024-05-21
U0130,P0009,purchase,,2024-04-27
U0326,P0021,view,4.0,2024-11-03
U0379,P0074,view,5.0,2024-09-01
U0345,P0074,view,3.0,2024-12-21
U0028,P0074,purchase,,2024-05-15
U0229,P0021,view,,2024-01-08
U0261,P0074,view,,2024-01-14
U0449,P0009,view,4.0,2024-01-24
U0407,P0074,purchase,3.0,2024-03-27
U0303,P0074,view,,2024-08-20
U0287,P0074,view,,2024-10-15
U0395,P0074,purchase,5.0,2024-02-25
U0010,P0074,view,,2024-07-08
U0118,P0074,view,,2024-01-29
U0270,P0074,add_to_cart,,2024-10-05
U0458,P0009,view,5.0,2024-02-07
U0093,P0074,add_to_cart,4.0,2024-10-25
U0266,P0074,view,,2024-09-22
U0332,P0021,purchase,5.0,2024-01-27
U0133,P0074,view,,2024-03-25
U0276,P0074,purchase,5.0,2024-01-13
U0264,P0074,purchase,,2024-02-27
U0171,P0074,view,,2024-09-15
U0460,P0074,purchase,,2024-04-09
U0001,P0074,view,,2024-04-13
U0313,P0074,purchase,2.0,2024-09-17
U0468,P0074,view,,2024-03-29
U0284,P0074,view,,2024-10-22
U0121,P0021,view,2.0,2024-03-28
U0107,P0074,purchase,,2024-01-05
U0421,P0074,purchase,,2024-05-23
U0485,P0074,view,,2024-09-27
U0204,P0074,purchase,,2024-07-23
U0165,P0021,view,,2024-03-15
U0120,P0074,view,2.0,2024-08-04
U0044,P0074,view,,2024-04-11
U0312,P0074,add_to_cart,4.0,2024-05-11
U0156,P0021,view,,2024-11-04
U0367,P0074,view,,2024-02-27
U0207,P0074,purchase,,2024-04-21
U0390,P0052,view,1.0,2024-03-25
U0108,P0074,view,,2024-11-26
U0404,P0021,view,,2024-11-10
U0370,P0009,view,,2024-06-10
U0334,P0021,view,,2024-10-12
U0130,P0074,view,,2024-11-19
U0457,P0074,add_to_cart,,2024-07-24
U0293,P0074,add_to_cart,3.0,2024-11-26
U0020,P0074,view,,2024-03-08
U0282,P0074,add_to_cart,,2024-09-04
U0119,P0009,view,3.0,2024-06-14
U0035,P0074,view,,2024-10-23
U0198,P0074,purchase,,2024-01-04
U0245,P0072,view,,2024-12-30
U0059,P0074,view,,2024-04-15
U0325,P0074,add_to_cart,,2024-04-17
U0161,P0074,add_to_cart,,2024-06-18
U0179,P0074,view,3.0,2024-09-23
U0206,P0074,purchase,1.0,2024-02-23
U0490,P0074,view,1.0,2024-09-10
U0276,P0021,view,3.0,2024-10-02
U0181,P0074,add_to_cart,,2024-06-02
U0242,P0021,add_to_cart,,2024-05-07
U0216,P0074,purchase,,2024-03-16
U0299,P0074,view,,2024-09-26
U0126,P0074,view,,2024-05-02
U0482,P0074,purchase,,2024-01-25
U0306,P0074,view,2.0,2024-04-15
U0185,P0009,view,,2024-09-22
U0184,P0074,view,3.0,2024-01-22
U0495,P0074,view,,2024-03-15
U0427,P0074,view,1.0,2024-10-11
U0407,P0074,view,,2024-09-12
U0428,P0021,add_to_cart,,2024-05-25
U0294,P0074,view,2.0,2024-07-30
U0340,P0074,purchase,,2024-09-05
U0151,P0074,view,,2024-02-04
U0384,P0074,view,,2024-11-22
U0301,P0021,add_to_cart,,2024-12-15
U0308,P0074,view,2.0,2024-09-16
U0336,P0074,add_to_cart,,2024-11-02
U0434,P0074,add_to_cart,,2024-12-15
U0234,P0009,purchase,,2024-10-12
U0380,P0074,add_to_cart,5.0,2024-12-15
U0341,P0074,purchase,,2024-11-25
U0129,P0021,view,,2024-05-21
U0157,P0074,view,5.0,2024-03-27
U0352,P0085,view,,2024-05-19
U0358,P0074,add_to_cart,,2024-11-27
U0005,P0021,purchase,,2024-06-10
U0086,P0074,purchase,1.0,2024-05-13
U0290,P0074,view,,2024-04-24
U0311,P0074,view,,2024-12-27
U0119,P0021,purchase,,2024-12-24
U0218,P0074,view,,2024-05-26
U0458,P0074,view,,2024-08-02
U0114,P0074,purchase,,2024-04-04
U0145,P0021,view,,2024-12-28
U0026,P0009,add_to_cart,,2024-02-21
U0136,P0074,view,,2024-09-30
U0303,P0074,add_to_cart,,2024-06-23
U0232,P0074,view,,2024-11-08
U0369,P0074,view,,2024-02-02
U0076,P0074,purchase,1.0,2024-12-25
U0475,P0074,add_to_cart,2.0,2024-05-11
U0328,P0074,view,,2024-10-01
U0345,P0021,view,,2024-01-07
U0302,P0074,purchase,,2024-08-14
U0452,P0074,view,4.0,2024-09-11
U0147,P0074,view,,2024-12-08
U0287,P0064,view,1.0,2024-12-19
U0464,P0074,purchase,,2024-07-02
U0142,P0074,view,,2024-07-17
U0053,P0021,add_to_cart,,2024-07-21
U0304,P0074,view,1.0,2024-05-15
U0069,P0074,view,3.0,2024-10-14
U0361,P0074,add_to_cart,,2024-10-16
U0446,P0074,view,4.0,2024-07-25
U0450,P0074,add_to_cart,,2024-10-25
U0498,P0074,view,,2024-09-06
U0454,P0074,purchase,3.0,2024-07-23
U0063,P0074,purchase,,2024-11-08
U0073,P0021,view,,2024-07-10
U0161,P0074,view,,2024-12-01
U0169,P0074,add_to_cart,,2024-01-02
U0089,P0074,add_to_cart,4.0,2024-07-03
U0176,P0074,view,5.0,2024-06-10
U0269,P0074,view,5.0,2024-02-18
U0073,P0074,add_to_cart,,2024-03-30
U0245,P0074,purchase,,2024-09-07
U0077,P0074,add_to_cart,5.0,2024-01-22
U0159,P0074,view,2.0,2024-07-30
U0098,P0009,view,,2024-06-11
U0494,P0074,view,5.0,2024-08-31
U0132,P0074,add_to_cart,2.0,2024-12-06
U0102,P0074,add_to_cart,2.0,2024-06-07
U0019,P0074,purchase,,2024-05-02
U0454,P0074,add_to_cart,,2024-12-25
U0082,P0074,view,,2024-01-14
U0279,P0074,purchase,,2024-12-23
U0339,P0074,view,,2024-11-20
U0365,P0074,view,2.0,2024-03-19
U0331,P0074,view,,2024-10-20
U0129,P0074,view,,2024-11-13
U0344,P0021,add_to_cart,,2024-03-20
U0455,P0074,view,,2024-08-12
U0089,P0074,view,,2024-08-14
U0213,P0021,purchase,,2024-06-28
U0143,P0074,view,,2024-01-24
U0065,P0021,view,,2024-04-08
U0199,P0021,view,,2024-04-03
U0405,P0074,add_to_cart,,2024-09-25
U0403,P0074,add_to_cart,,2024-05-26
U0316,P0074,add_to_cart,3.0,2024-10-11
U0093,P0072,view,3.0,2024-01-22
U0473,P0074,view,,2024-01-02
U0224,P0007,view,,2024-10-20
U0291,P0074,add_to_cart,,2024-02-20
U0428,P0074,add_to_cart,,2024-05-22
U0102,P0021,purchase,,2024-01-17
U0267,P0074,view,1.0,2024-10-04
U0456,P0074,view,,2024-12-11
U0110,P0074,view,2.0,2024-06-22
U0462,P0074,view,,2024-05-11
U0330,P0074,view,,2024-09-19
U0450,P0074,view,,2024-09-27
U0430,P0074,add_to_cart,3.0,2024-07-26
U0265,P0074,add_to_cart,,2024-10-22
U0003,P0074,view,,2024-08-13
U0085,P0074,view,5.0,2024-07-07
U0328,P0074,add_to_cart,5.0,2024-05-23
U0304,P0021,view,,2024-12-19
U0117,P0074,view,,2024-07-21
U0221,P0052,view,,2024-07-22
U0154,P0074,view,4.0,2024-01-02
U0153,P0021,add_to_cart,,2024-02-23
U0463,P0074,view,,2024-01-08
U0300,P0074,add_to_cart,1.0,2024-09-08
U0043,P0074,purchase,,2024-05-15
U0432,P0074,add_to_cart,1.0,2024-12-27
U0343,P0009,view,4.0,2024-02-19
U0326,P0074,add_to_cart,,2024-03-23
U0302,P0021,view,2.0,2024-09-10
U0498,P0074,add_to_cart,5.0,2024-07-14
U0364,P0009,view,,2024-01-27
U0379,P0074,add_to_cart,,2024-03-17
U0493,P0074,purchase,,2024-09-11
U0021,P0146,view,4.0,2024-01-21
U0107,P0074,view,,2024-02-14
U0336,P0074,purchase,,2024-06-30
U0124,P0074,purchase,5.0,2024-05-23
U0399,P0074,view,1.0,2024-02-21
U0281,P0021,add_to_cart,,2024-09-07
U0292,P0074,add_to_cart,,2024-04-15
U0203,P0074,view,3.0,2024-10-23
U0051,P0074,purchase,4.0,2024-07-17
U0271,P0153,view,,2024-12-02
U0277,P0074,purchase,,2024-05-27
U0141,P0074,add_to_cart,3.0,2024-04-12
U0470,P0074,view,,2024-01-02
U0275,P0074,view,,2024-09-12
U0290,P0021,add_to_cart,,2024-02-29
U0334,P0050,view,4.0,2024-11-02
U0381,P0074,purchase,,2024-03-31
U0452,P0074,add_to_cart,,2024-04-10
U0496,P0074,view,1.0,2024-04-23
U0373,P0072,view,3.0,2024-09-18
U0052,P0025,view,,2024-02-23
U0239,P0021,view,,2024-03-20
U0291,P0074,view,,2024-11-14
U0136,P0074,add_to_cart,,2024-12-20
U0144,P0074,add_to_cart,,2024-03-31
U0106,P0074,add_to_cart,5.0,2024-02-04
U0158,P0074,purchase,,2024-07-07
U0146,P0074,view,5.0,2024-09-09
U0002,P0074,add_to_cart,5.0,2024-02-05
U0433,P0074,add_to_cart,5.0,2024-12-23
U0132,P0074,view,,2024-02-25
U0350,P0074,add_to_cart,,2024-06-17
U0263,P0074,view,,2024-05-10
U0351,P0074,view,,2024-06-14
U0108,P0074,add_to_cart,,2024-02-21
U0074,P0074,view,3.0,2024-05-31
U0039,P0074,add_to_cart,,2024-04-14
U0397,P0074,add_to_cart,,2024-04-01
U0159,P0009,add_to_cart,,2024-07-19
U0071,P0021,view,1.0,2024-10-19
U0241,P0074,view,,2024-06-17
U0426,P0074,view,,2024-10-31
U0036,P0053,view,5.0,2024-11-22
U0263,P0074,purchase,,2024-03-08
U0385,P0074,view,5.0,2024-11-21
U0172,P0074,view,,2024-10-30
U0376,P0074,view,,2024-04-05
U0173,P0021,view,,2024-07-15
U0362,P0074,view,,2024-04-17
U0047,P0074,purchase,,2024-02-15
U0375,P0021,purchase,,2024-10-11
U0406,P0037,purchase,4.0,2024-03-23
U0118,P0074,add_to_cart,1.0,2024-05-17
U0277,P0074,add_to_cart,,2024-11-22
U0393,P0074,view,3.0,2024-05-24
U0009,P0074,purchase,,2024-04-09
U0010,P0074,add_to_cart,,2024-09-18
U0472,P0074,view,3.0,2024-02-16
U0378,P0007,view,,2024-08-12
U0121,P0074,view,,2024-05-23
U0125,P0074,view,,2024-07-14
U0170,P0074,view,,2024-10-16
U0072,P0021,view,3.0,2024-09-13
U0152,P0074,view,,2024-01-08
U0208,P0021,view,,2024-10-04
U0049,P0009,view,3.0,2024-11-19
U0347,P0074,view,,2024-10-19
U0068,P0074,view,,2024-03-24
U0050,P0021,view,,2024-09-11
U0019,P0074,view,,2024-11-20
U0167,P0074,view,,2024-02-07
U0164,P0025,add_to_cart,5.0,2024-01-04
U0481,P0074,purchase,,2024-04-23
U0439,P0074,view,,2024-08-02
U0069,P0074,add_to_cart,,2024-12-30
U0175,P0074,add_to_cart,5.0,2024-05-20
U0049,P0074,view,,2024-06-15
U0483,P0074,view,1.0,2024-10-13
U0119,P0074,view,,2024-03-26
U0149,P0074,view,,2024-03-26
U0143,P0074,purchase,,2024-07-03
U0419,P0074,view,3.0,2024-08-22
U0476,P0074,view,5.0,2024-06-05
U0455,P0074,purchase,,2024-06-09
U0138,P0074,view,3.0,2024-08-11
U0457,P0074,view,,2024-12-30
U0078,P0074,view,,2024-01-23
U0077,P0021,view,3.0,2024-07-15
U0254,P0074,view,,2024-01-06
U0409,P0074,view,,2024-11-03
U0258,P0074,add_to_cart,5.0,2024-12-10
U0085,P0021,view,,2024-09-21
U0323,P0074,view,2.0,2024-05-03
U0042,P0074,view,,2024-09-16
U0374,P0074,purchase,5.0,2024-06-17
U0125,P0074,add_to_cart,,2024-02-05
U0425,P0074,add_to_cart,4.0,2024-05-13
U0459,P0021,view,5.0,2024-03-05
U0487,P0074,view,,2024-08-24
U0302,P0074,view,1.0,2024-04-18
U0042,P0074,add_to_cart,,2024-05-22
U0288,P0074,purchase,,2024-09-04
U0109,P0074,view,3.0,2024-03-01
U0036,P0074,add_to_cart,,2024-03-19
U0229,P0074,view,1.0,2024-07-14
U0353,P0074,add_to_cart,5.0,2024-07-13
U0073,P0052,view,,2024-10-15
U0136,P0052,view,,2024-01-09
U0070,P0074,view,,2024-09-09
U0425,P0021,view,3.0,2024-08-14
U0487,P0059,purchase,,2024-04-04
U0196,P0074,view,,2024-06-27
U0269,P0074,add_to_cart,,2024-01-03
U0005,P0074,view,,2024-01-13
U0428,P0021,view,,2024-07-04
U0149,P0074,purchase,,2024-06-04
U0230,P0074,view,5.0,2024-02-16
U0200,P0025,view,,2024-07-24
U0067,P0074,add_to_cart,3.0,2024-10-01
U0259,P0074,add_to_cart,,2024-12-20
U0342,P0074,view,3.0,2024-05-27
U0326,P0074,view,,2024-10-11
U0215,P0025,view,2.0,2024-08-04
U0258,P0074,purchase,,2024-11-16
U0354,P0028,view,,2024-06-04
U0471,P0074,view,,2024-02-02
U0286,P0021,view,,2024-09-25
U0116,P0009,view,1.0,2024-08-03
U0150,P0121,view,2.0,2024-06-28
U0300,P0074,purchase,,2024-05-06
U0442,P0074,view,,2024-11-28
U0036,P0074,view,,2024-06-17
U0333,P0074,add_to_cart,,2024-05-14
U0477,P0074,view,3.0,2024-10-18
U0287,P0074,add_to_cart,4.0,2024-04-02
U0311,P0143,add_to_cart,3.0,2024-06-03
U0208,P0074,add_to_cart,2.0,2024-10-06
U0446,P0074,add_to_cart,,2024-12-02
U0158,P0009,view,3.0,2024-08-28
U0121,P0074,add_to_cart,3.0,2024-04-07
U0055,P0074,purchase,,2024-09-06
U0400,P0021,view,2.0,2024-04-14
U0400,P0074,view,,2024-11-22
U0396,P0074,view,,2024-09-15
U0468,P0074,add_to_cart,,2024-05-19
U0030,P0074,purchase,,2024-01-16
U0279,P0009,view,,2024-03-03
U0115,P0074,add_to_cart,,2024-10-05
U0104,P0074,view,5.0,2024-11-28
U0118,P0074,purchase,,2024-09-13
U0468,P0074,purchase,1.0,2024-03-16
U0360,P0021,view,,2024-01-27
U0248,P0074,view,,2024-01-25
U0321,P0009,add_to_cart,3.0,2024-03-02
U0286,P0021,purchase,3.0,2024-08-20
U0084,P0021,view,,2024-10-12
U0454,P0021,view,2.0,2024-03-24
U0406,P0074,view,4.0,2024-06-23
U0466,P0198,view,,2024-06-18
U0456,P0009,add_to_cart,,2024-10-16
U0231,P0074,view,3.0,2024-01-04
U0288,P0074,view,4.0,2024-10-13
U0272,P0021,view,,2024-02-19
U0038,P0074,view,,2024-01-08
U0500,P0009,view,,2024-12-22
U0142,P0074,purchase,,2024-05-18
U0292,P0074,view,,2024-09-04
U0481,P0074,view,5.0,2024-01-29
U0114,P0074,view,,2024-07-31
U0066,P0074,add_to_cart,,2024-10-31
U0258,P0074,view,,2024-08-17
U0475,P0074,purchase,1.0,2024-12-04
U0249,P0074,purchase,,2024-04-05
U0457,P0021,view,,2024-04-24
U0449,P0074,view,,2024-12-24
U0180,P0009,purchase,,2024-11-22
U0190,P0074,view,,2024-10-02
U0311,P0021,purchase,,2024-04-04
U0419,P0074,add_to_cart,,2024-05-24
U0406,P0021,add_to_cart,,2024-09-04
U0427,P0074,add_to_cart,2.0,2024-06-29
U0316,P0009,view,4.0,2024-05-17
U0101,P0074,view,,2024-02-13
U0244,P0074,view,,2024-08-13
U0490,P0074,add_to_cart,2.0,2024-12-10
U0239,P0074,view,4.0,2024-11-09
U0049,P0074,add_to_cart,,2024-08-07
U0042,P0074,purchase,5.0,2024-05-07
U0429,P0074,purchase,,2024-02-12
U0291,P0074,purchase,,2024-07-28
U0158,P0074,view,4.0,2024-02-17
U0216,P0074,view,,2024-11-07
U0158,P0074,add_to_cart,,2024-07-14
U0462,P0009,view,,2024-06-20
U0134,P0021,view,,2024-08-24
U0067,P0074,view,,2024-06-23
U0014,P0025,purchase,,2024-07-04
U0073,P0074,view,1.0,2024-08-21
U0399,P0021,view,,2024-11-12
U0066,P0098,add_to_cart,,2024-04-09
U0419,P0074,purchase,,2024-08-08
U0206,P0074,add_to_cart,,2024-05-29
U0276,P0074,view,,2024-06-11
U0466,P0021,view,2.0,2024-05-22
U0256,P0074,add_to_cart,,2024-09-14
U0253,P0074,add_to_cart,,2024-04-12
U0310,P0074,add_to_cart,,2024-07-29
U0164,P0074,add_to_cart,,2024-08-13
U0321,P0074,add_to_cart,,2024-06-27
U0336,P0074,view,,2024-05-31
U0310,P0074,purchase,,2024-11-18
U0238,P0074,view,,2024-03-10
U0381,P0021,view,2.0,2024-12-18
U0025,P0021,add_to_cart,,2024-07-14
U0405,P0114,view,,2024-03-02
U0079,P0074,add_to_cart,,2024-02-18
U0068,P0074,add_to_cart,4.0,2024-04-15
U0173,P0009,view,,2024-03-18
U0012,P0009,view,1.0,2024-02-26
U0128,P0074,view,4.0,2024-07-25
U0092,P0074,purchase,4.0,2024-10-02
U0141,P0009,add_to_cart,,2024-12-10
U0031,P0074,view,,2024-06-11
U0334,P0074,purchase,,2024-08-31
U0020,P0074,add_to_cart,,2024-09-06
U0146,P0074,add_to_cart,,2024-11-04
U0390,P0074,view,5.0,2024-03-26
U0160,P0074,add_to_cart,,2024-04-08
U0349,P0074,purchase,,2024-09-02
U0043,P0074,add_to_cart,,2024-12-13
U0254,P0021,view,2.0,2024-07-26
U0060,P0074,add_to_cart,4.0,2024-03-23
U0151,P0074,purchase,2.0,2024-03-05
U0467,P0021,view,,2024-01-01
U0499,P0074,purchase,3.0,2024-09-06
U0467,P0074,add_to_cart,,2024-10-10
U0418,P0074,view,,2024-03-24
U0130,P0074,add_to_cart,5.0,2024-10-13
U0178,P0074,purchase,,2024-10-08
U0253,P0021,add_to_cart,3.0,2024-07-01
U0415,P0057,add_to_cart,,2024-12-10
U0056,P0074,view,,2024-05-14
U0083,P0021,view,,2024-07-04
U0393,P0074,purchase,1.0,2024-01-01
U0099,P0074,add_to_cart,,2024-12-03
U0149,P0074,add_to_cart,,2024-01-29
U0329,P0074,add_to_cart,,2024-08-19
U0156,P0074,view,4.0,2024-05-29
U0190,P0074,add_to_cart,,2024-07-08
U0371,P0074,add_to_cart,1.0,2024-09-04
U0263,P0183,add_to_cart,,2024-11-22
U0080,P0074,add_to_cart,,2024-07-13
U0400,P0009,add_to_cart,2.0,2024-09-11
U0252,P0074,view,,2024-03-19
U0097,P0074,view,4.0,2024-12-28
U0260,P0074,add_to_cart,,2024-04-07
U0260,P0074,view,3.0,2024-05-29
U0103,P0074,view,,2024-09-30
U0359,P0074,add_to_cart,,2024-04-07
U0221,P0074,purchase,5.0,2024-12-24
U0124,P0074,add_to_cart,,2024-10-19
U0422,P0074,add_to_cart,,2024-08-31
U0231,P0021,view,5.0,2024-01-18
U0116,P0074,view,4.0,2024-07-22
U0191,P0074,add_to_cart,4.0,2024-05-25
U0062,P0074,view,,2024-05-22
U0256,P0074,view,,2024-07-05
U0483,P0074,add_to_cart,,2024-05-01
U0155,P0021,view,2.0,2024-04-09
U0092,P0021,view,1.0,2024-10-10
U0470,P0074,add_to_cart,,2024-01-15
U0086,P0074,view,,2024-01-08
U0133,P0074,purchase,,2024-04-21
U0183,P0114,purchase,3.0,2024-02-02
U0062,P0074,add_to_cart,,2024-05-28
U0219,P0074,add_to_cart,3.0,2024-07-30
U0246,P0074,view,3.0,2024-06-21
U0423,P0074,view,2.0,2024-05-05
U0389,P0074,view,1.0,2024-02-08
U0065,P0074,purchase,,2024-11-22
U0013,P0074,view,,2024-07-27
U0213,P0074,view,,2024-04-15
U0474,P0074,view,1.0,2024-05-19
U0493,P0009,view,,2024-02-24
U0485,P0074,add_to_cart,,2024-12-19
U0173,P0074,view,,2024-07-31
U0164,P0054,view,,2024-05-19
U0465,P0074,view,,2024-11-20
U0395,P0074,view,1.0,2024-01-22
U0191,P0074,view,,2024-07-05
U0405,P0074,view,2.0,2024-07-25
U0183,P0074,view,,2024-04-17
U0117,P0021,view,,2024-11-11
U0034,P0074,view,,2024-05-30
U0052,P0074,view,,2024-06-23
U0112,P0074,view,,2024-02-24
U0227,P0021,view,2.0,2024-07-08
U0233,P0074,view,,2024-05-28
U0221,P0074,view,,2024-01-08
U0413,P0074,view,,2024-06-21
U0021,P0074,purchase,,2024-11-16
U0192,P0186,purchase,,2024-05-01
U0017,P0074,add_to_cart,2.0,2024-10-13
U0120,P0074,purchase,,2024-12-06
U0060,P0021,view,,2024-07-08
U0048,P0074,purchase,,2024-11-07
U0029,P0074,view,,2024-03-26
U0097,P0021,view,,2024-01-08
U0314,P0074,view,3.0,2024-08-17
U0444,P0074,purchase,,2024-05-31
U0277,P0074,view,3.0,2024-01-15
U0284,P0074,purchase,,2024-10-13
U0203,P0074,purchase,4.0,2024-09-04
U0247,P0074,add_to_cart,4.0,2024-09-11
U0290,P0074,purchase,,2024-12-08
U0443,P0074,purchase,1.0,2024-12-30
U0200,P0074,add_to_cart,,2024-03-21
U0343,P0074,add_to_cart,,2024-03-04
U0173,P0074,add_to_cart,,2024-11-22
U0416,P0074,purchase,4.0,2024-10-20
U0101,P0074,add_to_cart,,2024-12-14
U0008,P0025,purchase,,2024-02-28
U0333,P0074,purchase,,2024-04-03
U0043,P0074,view,5.0,2024-03-23
U0109,P0021,view,,2024-02-06
U0408,P0074,view,2.0,2024-01-13
U0148,P0074,view,,2024-09-27
U0232,P0074,add_to_cart,,2024-01-01
U0415,P0074,view,2.0,2024-02-17
U0366,P0074,view,,2024-06-30
U0228,P0021,view,,2024-07-01
U0139,P0074,add_to_cart,2.0,2024-11-23
U0436,P0074,purchase,,2024-08-01
U0399,P0074,purchase,1.0,2024-01-27
U0211,P0074,view,,2024-08-13
U0391,P0074,purchase,,2024-06-06
U0499,P0074,view,,2024-02-29
U0028,P0074,add_to_cart,5.0,2024-03-06
U0051,P0074,view,1.0,2024-06-22
U0491,P0021,view,4.0,2024-02-21
U0442,P0021,view,,2024-08-30
U0261,P0074,purchase,,2024-12-02
U0008,P0074,purchase,,2024-02-11
U0138,P0074,add_to_cart,,2024-02-14
U0480,P0074,view,5.0,2024-01-29
U0368,P0074,view,1.0,2024-02-26
U0337,P0074,view,1.0,2024-07-27
U0223,P0021,view,1.0,2024-01-08
U0409,P0025,view,,2024-12-04
U0329,P0074,view,,2024-01-28
U0434,P0074,view,,2024-10-22
U0451,P0074,view,,2024-08-22
U0049,P0021,view,,2024-05-09
U0324,P0074,add_to_cart,,2024-08-17
U0378,P0074,view,,2024-01-02
U0119,P0074,add_to_cart,1.0,2024-12-01
U0255,P0074,view,,2024-02-21
U0370,P0074,view,2.0,2024-02-03
U0266,P0074,purchase,,2024-10-27
U0140,P0074,purchase,,2024-08-30
U0347,P0009,view,,2024-12-21
U0488,P0074,view,,2024-11-03
U0374,P0009,view,,2024-04-07
U0181,P0074,view,,2024-11-07
U0351,P0074,add_to_cart,,2024-08-06
U0226,P0025,add_to_cart,,2024-08-12
U0273,P0074,add_to_cart,,2024-11-01
U0424,P0074,purchase,,2024-06-04
U0402,P0074,add_to_cart,,2024-09-15
U0153,P0074,view,,2024-02-05
U0488,P0021,view,,2024-09-04
U0315,P0074,view,,2024-02-13
U0334,P0074,view,,2024-04-28
U0124,P0074,view,,2024-12-14
U0278,P0074,view,5.0,2024-12-23
U0500,P0074,purchase,,2024-09-23
U0414,P0074,purchase,4.0,2024-08-06
U0172,P0074,purchase,3.0,2024-07-05
U0435,P0074,add_to_cart,,2024-03-01
U0113,P0074,purchase,,2024-05-11
U0376,P0074,purchase,1.0,2024-06-03
U0032,P0021,view,2.0,2024-01-11
U0268,P0074,purchase,1.0,2024-05-07
U0431,P0074,view,2.0,2024-04-29
U0018,P0074,view,1.0,2024-02-17
U0238,P0021,add_to_cart,,2024-12-06
U0135,P0074,view,,2024-01-28
U0236,P0074,view,,2024-08-06
U0224,P0074,purchase,,2024-12-02
U0256,P0074,purchase,,2024-02-27
U0150,P0074,view,,2024-08-14
U0235,P0074,add_to_cart,5.0,2024-06-17
U0022,P0074,view,,2024-11-19
U0285,P0074,view,,2024-12-28
U0269,P0021,add_to_cart,1.0,2024-09-22
U0463,P0074,add_to_cart,,2024-12-03
U0283,P0074,view,,2024-04-02
U0088,P0074,add_to_cart,3.0,2024-02-23
U0461,P0074,view,2.0,2024-04-21
U0171,P0021,purchase,,2024-10-04
U0189,P0074,add_to_cart,,2024-03-18
U0023,P0074,view,5.0,2024-08-23
U0413,P0074,purchase,1.0,2024-05-15
U0030,P0074,add_to_cart,3.0,2024-08-11
U0367,P0021,view,,2024-02-10
U0144,P0021,view,,2024-04-03
U0129,P0074,purchase,,2024-06-08
U0364,P0074,purchase,,2024-09-01
U0388,P0021,view,,2024-06-14
U0483,P0074,purchase,,2024-01-25
U0224,P0074,view,,2024-07-18
U0354,P0021,view,,2024-10-14
U0491,P0074,view,,2024-06-21
U0405,P0009,view,,2024-10-17
U0219,P0074,view,,2024-10-31
U0411,P0074,add_to_cart,,2024-12-15
U0425,P0074,purchase,,2024-05-09
U0393,P0074,add_to_cart,5.0,2024-06-06
U0500,P0074,add_to_cart,,2024-08-22
U0234,P0074,view,4.0,2024-08-12
U0054,P0074,view,1.0,2024-08-19
U0209,P0009,view,,2024-09-30
U0437,P0074,view,,2024-11-09
U0377,P0074,view,4.0,2024-09-30
U0075,P0074,purchase,,2024-12-14
U0223,P0074,view,,2024-07-12
U0070,P0072,view,1.0,2024-10-05
U0312,P0009,purchase,,2024-09-28
U0186,P0074,purchase,5.0,2024-07-14
U0394,P0021,view,4.0,2024-10-26
U0227,P0074,add_to_cart,,2024-03-21
U0154,P0009,view,5.0,2024-09-26
U0469,P0074,view,,2024-07-11
U0310,P0009,view,,2024-07-30
U0488,P0009,purchase,,2024-12-18
U0038,P0074,add_to_cart,,2024-05-09
U0057,P0074,view,,2024-08-01
U0429,P0074,view,,2024-05-08
U0273,P0074,purchase,,2024-05-20
U0071,P0074,purchase,1.0,2024-02-26
U0003,P0195,add_to_cart,,2024-12-04
U0229,P0025,view,,2024-05-22
U0055,P0074,view,5.0,2024-06-24
U0500,P0074,view,,2024-05-12
U0388,P0074,view,,2024-12-09
U0376,P0074,add_to_cart,,2024-09-20
U0254,P0074,add_to_cart,,2024-05-26
U0162,P0021,view,,2024-11-23
U0403,P0021,view,,2024-05-01
U0188,P0074,purchase,,2024-08-20
U0403,P0074,view,,2024-03-22
U0305,P0074,add_to_cart,5.0,2024-02-16
U0152,P0021,view,3.0,2024-12-27
U0109,P0074,add_to_cart,,2024-07-26
U0314,P0009,add_to_cart,,2024-12-17
U0486,P0074,add_to_cart,,2024-06-02
U0415,P0074,purchase,2.0,2024-10-19
U0356,P0074,purchase,,2024-06-14
U0228,P0074,purchase,,2024-09-16
U0350,P0074,purchase,,2024-11-01
U0146,P0052,add_to_cart,,2024-09-20
U0319,P0021,view,,2024-01-12
U0476,P0155,purchase,,2024-06-09
U0303,P0074,purchase,3.0,2024-01-18
U0313,P0074,view,,2024-07-04
U0198,P0074,view,,2024-05-22
U0047,P0074,add_to_cart,,2024-03-24
U0475,P0021,view,4.0,2024-10-02
U0124,P0021,purchase,,2024-03-07
U0137,P0074,view,,2024-05-27
U0400,P0074,add_to_cart,2.0,2024-05-16
U0061,P0074,add_to_cart,,2024-10-10
U0259,P0074,view,2.0,2024-10-22
U0461,P0052,purchase,,2024-12-23
U0198,P0074,add_to_cart,,2024-06-30
U0365,P0021,purchase,,2024-02-20
U0051,P0074,add_to_cart,3.0,2024-07-24
U0245,P0074,view,4.0,2024-10-30
U0403,P0074,purchase,2.0,2024-11-28
U0426,P0074,add_to_cart,,2024-05-04
U0499,P0074,add_to_cart,,2024-09-29
U0069,P0074,purchase,5.0,2024-10-04
U0421,P0074,view,,2024-09-23
U0261,P0021,view,4.0,2024-12-03
U0090,P0114,view,,2024-09-25
U0260,P0074,purchase,5.0,2024-11-19
U0280,P0074,purchase,,2024-03-25
U0313,P0074,add_to_cart,,2024-03-15
U0100,P0074,view,,2024-03-24
U0297,P0074,view,,2024-08-15
U0182,P0074,view,,2024-03-23
U0057,P0074,add_to_cart,2.0,2024-09-19
U0473,P0021,view,,2024-01-30
U0036,P0009,view,,2024-06-03
U0213,P0021,view,1.0,2024-10-31
U0408,P0074,purchase,,2024-12-22
U0414,P0021,purchase,2.0,2024-03-21
U0270,P0074,purchase,,2024-07-30
U0394,P0025,view,,2024-04-09
U0336,P0025,view,1.0,2024-03-25
U0182,P0074,purchase,,2024-09-20
U0479,P0074,view,,2024-03-26
U0205,P0074,view,1.0,2024-04-02
U0070,P0074,add_to_cart,5.0,2024-09-09
U0084,P0021,purchase,1.0,2024-09-22
U0338,P0021,view,1.0,2024-01-09
U0250,P0074,purchase,,2024-07-06
U0363,P0074,view,,2024-04-05
U0441,P0074,add_to_cart,2.0,2024-05-12
U0196,P0074,add_to_cart,2.0,2024-05-18
U0417,P0021,view,2.0,2024-03-20
U0432,P0074,purchase,,2024-12-03
U0199,P0074,view,,2024-10-10
U0405,P0021,purchase,,2024-12-10
U0154,P0021,purchase,1.0,2024-03-15
U0492,P0074,add_to_cart,,2024-08-12
U0165,P0074,purchase,3.0,2024-12-28
U0314,P0009,purchase,,2024-07-08
U0021,P0021,add_to_cart,,2024-04-15
U0403,P0021,add_to_cart,1.0,2024-04-01
U0345,P0074,purchase,,2024-12-10
U0341,P0074,view,5.0,2024-12-28
U0396,P0074,add_to_cart,2.0,2024-08-06
U0445,P0074,add_to_cart,4.0,2024-05-31
U0327,P0074,purchase,4.0,2024-07-15
U0081,P0025,view,,2024-02-29
U0152,P0021,purchase,3.0,2024-05-17
U0169,P0074,view,,2024-10-28
U0423,P0072,view,2.0,2024-04-27
U0098,P0074,view,1.0,2024-04-04
U0494,P0074,add_to_cart,,2024-09-15
U0098,P0021,view,,2024-03-14
U0057,P0074,purchase,1.0,2024-07-29
U0098,P0074,add_to_cart,,2024-11-13
U0144,P0074,view,3.0,2024-07-23
U0167,P0074,purchase,,2024-06-15
U0076,P0074,add_to_cart,,2024-10-26
U0424,P0021,add_to_cart,2.0,2024-08-27
U0294,P0074,purchase,,2024-11-10
U0444,P0074,add_to_cart,,2024-08-16
U0059,P0009,view,4.0,2024-06-04
U0138,P0074,purchase,2.0,2024-08-05
U0243,P0009,view,,2024-01-16
U0319,P0021,add_to_cart,,2024-08-28
U0448,P0021,view,,2024-02-20
U0032,P0074,purchase,3.0,2024-12-21
U0391,P0074,add_to_cart,3.0,2024-01-28
U0154,P0074,purchase,3.0,2024-04-25
U0366,P0021,view,2.0,2024-04-16
U0143,P0009,view,,2024-09-14
U0376,P0009,purchase,,2024-06-30
U0213,P0074,add_to_cart,,2024-11-20
U0214,P0074,add_to_cart,4.0,2024-10-11
U0116,P0074,purchase,5.0,2024-04-20
U0270,P0146,view,,2024-08-07
U0411,P0074,view,1.0,2024-01-05
U0489,P0074,purchase,,2024-04-10
U0168,P0074,view,4.0,2024-10-21
U0284,P0009,view,,2024-01-01
U0369,P0021,add_to_cart,4.0,2024-04-28
U0447,P0074,view,,2024-09-16
U0409,P0074,add_to_cart,,2024-05-13
U0248,P0074,add_to_cart,,2024-04-11
U0097,P0074,add_to_cart,3.0,2024-12-21
U0227,P0074,view,,2024-11-30
U0197,P0074,add_to_cart,1.0,2024-07-21
U0074,P0009,view,,2024-08-12
U0008,P0009,view,3.0,2024-09-20
U0408,P0074,add_to_cart,5.0,2024-10-27
U0164,P0021,view,,2024-08-08
U0085,P0074,purchase,,2024-10-27
U0055,P0009,purchase,,2024-08-09
U0468,P0124,view,,2024-05-25
U0386,P0074,add_to_cart,,2024-10-13
U0263,P0021,view,1.0,2024-01-16
U0387,P0074,purchase,3.0,2024-01-09
U0365,P0074,purchase,,2024-01-02
U0259,P0074,purchase,,2024-10-19
U0283,P0074,add_to_cart,2.0,2024-03-24
U0363,P0074,purchase,,2024-02-27
U0040,P0156,view,,2024-12-04
U0486,P0146,view,,2024-04-15
U0417,P0074,add_to_cart,5.0,2024-05-15
U0008,P0074,view,3.0,2024-03-17
U0107,P0021,view,4.0,2024-06-28
U0366,P0074,purchase,,2024-08-08
U0246,P0009,view,,2024-01-13
U0032,P0025,view,,2024-03-31
U0016,P0074,view,,2024-08-19
U0129,P0021,purchase,2.0,2024-08-14
U0063,P0074,view,,2024-06-15
U0375,P0074,add_to_cart,,2024-07-04
U0269,P0074,purchase,,2024-12-05
U0162,P0074,view,,2024-05-17
U0260,P0009,add_to_cart,5.0,2024-04-18
U0412,P0074,add_to_cart,3.0,2024-11-13
U0325,P0074,purchase,,2024-12-27
U0025,P0021,view,1.0,2024-01-28
U0131,P0074,add_to_cart,,2024-04-16
U0189,P0074,view,3.0,2024-04-15
U0265,P0074,view,,2024-12-14
U0372,P0074,purchase,,2024-11-17
U0434,P0021,view,,2024-01-11
U0134,P0074,add_to_cart,,2024-12-25
U0377,P0074,add_to_cart,,2024-03-06
U0395,P0072,view,2.0,2024-04-22
U0450,P0074,purchase,,2024-05-11
U0364,P0074,view,3.0,2024-03-01
U0216,P0074,add_to_cart,3.0,2024-01-05
U0226,P0021,purchase,,2024-11-12
U0286,P0074,view,,2024-01-14
U0469,P0074,add_to_cart,,2024-10-22
U0180,P0025,view,3.0,2024-10-16
U0307,P0074,add_to_cart,2.0,2024-05-28
U0431,P0074,add_to_cart,,2024-06-03
U0338,P0074,purchase,5.0,2024-04-11
U0441,P0074,view,2.0,2024-04-01
U0279,P0074,view,4.0,2024-01-21
U0139,P0074,purchase,,2024-12-29
U0212,P0021,purchase,,2024-05-14
U0272,P0074,add_to_cart,1.0,2024-12-20
U0418,P0021,view,5.0,2024-03-10
U0066,P0021,view,1.0,2024-07-22
U0483,P0021,view,,2024-03-19
U0424,P0009,view,3.0,2024-10-05
U0047,P0074,view,,2024-10-11
U0423,P0074,purchase,5.0,2024-06-04
U0201,P0074,purchase,,2024-08-06
U0247,P0074,view,1.0,2024-04-07
U0343,P0021,view,,2024-10-19
U0067,P0074,purchase,3.0,2024-05-17
U0442,P0074,purchase,,2024-11-21
U0409,P0074,purchase,,2024-12-22
U0021,P0009,add_to_cart,,2024-04-08
U0437,P0021,view,4.0,2024-01-15
U0302,P0074,add_to_cart,1.0,2024-04-14
U0355,P0074,purchase,2.0,2024-05-31
U0252,P0074,add_to_cart,,2024-02-11
U0333,P0074,view,,2024-01-26
U0115,P0074,view,3.0,2024-12-25
U0219,P0074,purchase,,2024-05-27
U0443,P0021,view,1.0,2024-03-08
U0091,P0021,view,,2024-12-20
U0038,P0057,view,,2024-03-19
U0142,P0052,purchase,,2024-02-08
U0328,P0021,view,,2024-01-20
U0190,P0021,add_to_cart,,2024-03-10
U0030,P0074,view,3.0,2024-01-28
U0334,P0114,view,,2024-04-07
U0369,P0021,view,,2024-05-30
U0281,P0021,view,,2024-12-29
U0215,P0074,view,,2024-12-19
U0150,P0074,purchase,,2024-07-14
U0083,P0074,view,2.0,2024-04-22
U0435,P0021,purchase,4.0,2024-09-26
U0275,P0074,add_to_cart,,2024-12-12
U0201,P0074,view,,2024-09-23
U0327,P0074,view,,2024-12-19
U0251,P0021,view,,2024-10-12
U0398,P0074,view,,2024-10-11
U0422,P0009,view,,2024-10-11
U0317,P0074,add_to_cart,4.0,2024-02-26
U0424,P0037,view,4.0,2024-06-20
U0308,P0074,purchase,4.0,2024-03-25
U0309,P0021,view,2.0,2024-09-07
U0334,P0021,purchase,4.0,2024-03-27
U0222,P0021,view,,2024-11-25
U0041,P0114,view,,2024-12-14
U0425,P0064,purchase,,2024-07-30
U0120,P0052,view,2.0,2024-04-29
U0255,P0074,purchase,1.0,2024-08-03
U0062,P0009,add_to_cart,4.0,2024-02-07
U0158,P0021,purchase,3.0,2024-02-15
U0276,P0074,add_to_cart,1.0,2024-04-15
U0357,P0074,view,,2024-12-14
U0451,P0021,add_to_cart,,2024-11-10
U0201,P0074,add_to_cart,5.0,2024-01-27
U0480,P0074,add_to_cart,,2024-04-22
U0065,P0074,add_to_cart,3.0,2024-03-05
U0343,P0074,view,,2024-10-16
U0431,P0074,purchase,4.0,2024-11-10
U0424,P0074,add_to_cart,,2024-03-29
U0332,P0074,add_to_cart,,2024-09-03
U0438,P0009,view,,2024-11-27
U0047,P0021,view,,2024-08-27
U0093,P0064,view,,2024-08-25
U0406,P0009,add_to_cart,,2024-05-18
U0157,P0074,add_to_cart,,2024-05-28
U0311,P0074,purchase,,2024-12-24
U0348,P0021,view,,2024-06-11
U0028,P0021,view,,2024-07-19
U0492,P0074,view,,2024-01-29
U0472,P0025,view,,2024-03-04
U0347,P0074,add_to_cart,,2024-06-02
U0257,P0074,view,3.0,2024-06-24
U0262,P0021,add_to_cart,2.0,2024-02-08
U0214,P0074,purchase,,2024-03-09
U0061,P0074,view,,2024-06-25
U0136,P0009,purchase,,2024-08-15
U0467,P0021,purchase,,2024-03-28
U0340,P0074,view,,2024-03-25
U0177,P0021,purchase,1.0,2024-01-27
U0141,P0074,view,,2024-08-17
U0486,P0074,view,,2024-11-11
U0049,P0074,purchase,,2024-10-14
U0302,P0146,add_to_cart,2.0,2024-12-11
U0369,P0074,add_to_cart,,2024-05-11
U0136,P0021,purchase,5.0,2024-12-21
U0404,P0074,add_to_cart,3.0,2024-01-27
U0380,P0074,purchase,,2024-10-29
U0295,P0074,purchase,1.0,2024-07-17
U0341,P0074,add_to_cart,,2024-10-26
U0433,P0074,view,,2024-10-25
U0192,P0009,add_to_cart,,2024-02-12
U0233,P0009,add_to_cart,,2024-06-26
U0265,P0021,view,,2024-02-29
U0344,P0021,view,2.0,2024-07-01
U0037,P0074,view,,2024-10-08
U0045,P0074,view,,2024-06-26
U0001,P0074,purchase,,2024-07-19
U0456,P0074,purchase,2.0,2024-03-26
U0240,P0074,add_to_cart,,2024-08-02
U0090,P0074,add_to_cart,,2024-05-20
U0476,P0074,purchase,,2024-04-07
U0250,P0074,add_to_cart,,2024-10-29
U0453,P0074,add_to_cart,,2024-02-24
U0153,P0074,purchase,,2024-09-15
U0215,P0074,purchase,,2024-04-09
U0177,P0074,add_to_cart,4.0,2024-09-03
U0146,P0021,view,,2024-04-22
U0324,P0074,purchase,,2024-06-12
U0127,P0074,add_to_cart,,2024-01-10
U0239,P0074,purchase,,2024-10-03
U0113,P0021,view,4.0,2024-07-08
U0378,P0074,purchase,1.0,2024-11-02
U0143,P0074,add_to_cart,,2024-10-22
U0105,P0021,view,,2024-09-14
U0307,P0074,purchase,,2024-01-14
U0398,P0074,purchase,,2024-02-03
U0210,P0074,add_to_cart,2.0,2024-08-22
U0051,P0021,add_to_cart,,2024-11-16
U0155,P0074,view,4.0,2024-11-21
U0002,P0074,purchase,,2024-10-30
U0400,P0074,purchase,2.0,2024-08-20
U0296,P0074,view,,2024-12-01
U0081,P0074,view,,2024-10-11
U0419,P0021,view,5.0,2024-11-13
U0235,P0074,view,2.0,2024-05-21
U0321,P0149,view,5.0,2024-09-03
U0357,P0074,add_to_cart,4.0,2024-06-16
U0279,P0074,add_to_cart,,2024-09-23
U0438,P0074,add_to_cart,1.0,2024-03-08
U0107,P0074,add_to_cart,3.0,2024-02-06
U0099,P0021,purchase,,2024-06-09
U0030,P0021,purchase,,2024-08-03
U0156,P0025,view,,2024-03-28
U0335,P0021,purchase,,2024-05-31
U0360,P0074,purchase,3.0,2024-09-02
U0048,P0021,view,,2024-03-14
U0160,P0064,view,,2024-06-08
U0380,P0021,add_to_cart,,2024-01-06
U0440,P0037,view,,2024-01-01
U0196,P0009,view,,2024-09-13
U0421,P0074,add_to_cart,,2024-06-22
U0056,P0074,add_to_cart,,2024-04-18
U0321,P0074,view,,2024-02-29
U0148,P0021,purchase,,2024-12-28
U0476,P0074,add_to_cart,,2024-05-15
U0427,P0074,purchase,2.0,2024-11-13
U0495,P0021,view,,2024-01-23
U0475,P0074,view,,2024-02-28
U0294,P0074,add_to_cart,,2024-06-06
U0392,P0074,purchase,,2024-07-30
U0031,P0074,purchase,,2024-02-07
U0443,P0074,add_to_cart,,2024-04-13
U0075,P0057,view,2.0,2024-05-11
U0363,P0021,add_to_cart,,2024-09-21
U0262,P0009,purchase,,2024-08-28
U0125,P0009,view,2.0,2024-11-18
U0399,P0021,purchase,,2024-02-12
U0122,P0021,view,,2024-06-22
U0037,P0074,add_to_cart,2.0,2024-11-25
U0357,P0021,add_to_cart,,2024-09-08
U0035,P0074,add_to_cart,1.0,2024-10-05
U0134,P0021,purchase,2.0,2024-01-13
U0274,P0074,purchase,,2024-11-04
U0201,P0021,view,2.0,2024-03-03
U0278,P0074,add_to_cart,,2024-08-21
U0068,P0074,purchase,,2024-04-12
U0165,P0074,view,,2024-04-03
U0489,P0072,view,,2024-04-30
U0397,P0085,add_to_cart,,2024-02-06
U0342,P0021,add_to_cart,1.0,2024-10-28
U0309,P0009,view,,2024-01-21
U0343,P0064,view,,2024-12-19
U0354,P0074,purchase,1.0,2024-08-09
U0109,P0074,purchase,,2024-11-20
U0250,P0074,view,,2024-10-09
U0497,P0074,purchase,,2024-07-23
U0341,P0009,add_to_cart,,2024-05-17
U0430,P0021,view,,2024-02-05
U0021,P0074,add_to_cart,,2024-08-24
U0139,P0074,view,,2024-03-30
U0092,P0074,add_to_cart,,2024-07-18
U0280,P0074,add_to_cart,4.0,2024-11-10
U0125,P0074,purchase,,2024-06-05
U0338,P0074,add_to_cart,,2024-07-19
U0249,P0074,view,,2024-11-27
U0487,P0074,purchase,4.0,2024-02-11
U0005,P0074,purchase,,2024-12-02
U0145,P0074,add_to_cart,,2024-07-22
U0091,P0074,add_to_cart,,2024-05-03
U0354,P0098,add_to_cart,,2024-04-08
U0267,P0074,purchase,1.0,2024-01-06
U0140,P0074,add_to_cart,,2024-10-21
U0246,P0074,purchase,,2024-02-08
U0487,P0074,add_to_cart,,2024-07-13
U0465,P0021,view,3.0,2024-09-01
U0046,P0074,purchase,2.0,2024-01-07
U0108,P0052,purchase,3.0,2024-04-03
U0308,P0021,view,,2024-03-11
U0070,P0074,purchase,1.0,2024-01-13
U0216,P0072,view,1.0,2024-08-08
U0192,P0021,view,,2024-04-14
U0499,P0032,view,3.0,2024-06-10
U0175,P0074,purchase,,2024-02-24
U0260,P0009,view,,2024-07-16
U0337,P0074,purchase,,2024-07-28
U0225,P0074,add_to_cart,1.0,2024-10-18
U0352,P0074,view,5.0,2024-09-20
U0328,P0009,view,5.0,2024-09-24
U0323,P0074,purchase,,2024-08-18
U0325,P0021,view,4.0,2024-05-21
U0214,P0021,view,1.0,2024-05-07
U0171,P0074,add_to_cart,,2024-12-18
U0323,P0074,add_to_cart,,2024-10-31
U0169,P0021,view,4.0,2024-09-09
U0327,P0021,view,,2024-10-18
U0067,P0021,view,,2024-02-13
U0065,P0074,view,,2024-11-28
U0037,P0021,purchase,,2024-05-20
U0389,P0021,view,4.0,2024-12-05
U0128,P0025,purchase,,2024-12-11
U0127,P0156,view,5.0,2024-01-30
U0164,P0021,add_to_cart,1.0,2024-09-08
U0290,P0114,view,,2024-12-03
U0430,P0074,purchase,1.0,2024-06-24
U0462,P0074,purchase,3.0,2024-08-18
U0414,P0021,view,,2024-09-06
U0358,P0074,view,,2024-11-26
U0259,P0195,view,,2024-06-13
U0045,P0064,view,,2024-07-06
U0061,P0009,add_to_cart,,2024-07-26
U0123,P0074,view,,2024-12-29
U0145,P0009,view,,2024-12-27
U0144,P0009,view,1.0,2024-01-03
U0322,P0074,view,,2024-10-06
U0474,P0074,purchase,5.0,2024-09-04
U0013,P0074,add_to_cart,5.0,2024-02-13
U0290,P0074,add_to_cart,,2024-11-03
U0462,P0074,add_to_cart,,2024-02-12
U0221,P0074,add_to_cart,2.0,2024-03-23
U0231,P0074,purchase,,2024-07-22
U0053,P0074,purchase,,2024-05-09
U0321,P0098,add_to_cart,,2024-03-23
U0401,P0021,view,,2024-06-23
U0158,P0021,view,,2024-04-16
U0403,P0021,purchase,,2024-12-13
U0053,P0074,view,,2024-11-14
U0337,P0074,add_to_cart,,2024-04-24
U0032,P0074,add_to_cart,5.0,2024-08-01
U0456,P0074,add_to_cart,5.0,2024-10-24
U0054,P0074,add_to_cart,,2024-06-02
U0052,P0009,add_to_cart,4.0,2024-10-31
U0370,P0021,view,5.0,2024-12-26
U0053,P0074,add_to_cart,2.0,2024-12-16
U0030,P0021,view,3.0,2024-08-01
U0059,P0021,add_to_cart,3.0,2024-03-28
U0466,P0074,add_to_cart,,2024-03-03
U0462,P0025,add_to_cart,,2024-01-01
U0361,P0074,purchase,,2024-06-15
U0079,P0052,view,3.0,2024-09-09
U0479,P0074,purchase,,2024-02-28
U0209,P0072,view,,2024-08-27
U0088,P0021,view,,2024-11-28
U0306,P0074,purchase,,2024-03-20
U0428,P0074,purchase,,2024-07-02
U0156,P0074,purchase,,2024-06-15
U0411,P0074,purchase,5.0,2024-12-28
U0162,P0074,add_to_cart,,2024-01-24
U0100,P0072,view,1.0,2024-10-01
U0083,P0025,view,,2024-10-28
U0179,P0074,add_to_cart,4.0,2024-07-03
U0401,P0074,add_to_cart,4.0,2024-06-11
U0186,P0074,add_to_cart,5.0,2024-01-21
U0471,P0074,add_to_cart,,2024-03-05
U0218,P0074,add_to_cart,4.0,2024-03-06
U0413,P0052,view,,2024-10-24
U0316,P0009,add_to_cart,,2024-10-08
U0439,P0074,purchase,,2024-05-25
U0023,P0074,purchase,3.0,2024-04-13
U0213,P0085,add_to_cart,2.0,2024-05-09
U0235,P0074,purchase,,2024-04-29
U0013,P0021,view,,2024-09-15
U0011,P0021,view,1.0,2024-11-21
U0281,P0074,purchase,5.0,2024-01-18
U0094,P0074,view,,2024-08-18
U0201,P0072,view,1.0,2024-05-14
U0359,P0025,add_to_cart,,2024-01-24
U0462,P0021,add_to_cart,5.0,2024-12-30
U0380,P0057,view,,2024-08-11
U0455,P0074,add_to_cart,,2024-07-28
U0100,P0021,add_to_cart,4.0,2024-10-26
U0031,P0009,view,1.0,2024-02-19
U0016,P0021,view,,2024-09-03
U0137,P0077,add_to_cart,2.0,2024-03-28
U0440,P0074,add_to_cart,,2024-09-14
U0481,P0074,add_to_cart,4.0,2024-10-17
U0109,P0072,purchase,,2024-05-28
U0162,P0009,view,2.0,2024-10-14
U0264,P0098,add_to_cart,5.0,2024-06-09
U0003,P0074,add_to_cart,,2024-01-17
U0028,P0009,view,,2024-10-30
U0428,P0042,purchase,,2024-07-28
U0488,P0074,add_to_cart,3.0,2024-07-07
U0021,P0009,purchase,,2024-11-07
U0235,P0025,view,,2024-05-30
U0046,P0021,view,5.0,2024-04-21
U0102,P0074,purchase,1.0,2024-02-09
U0111,P0009,add_to_cart,,2024-04-19
U0182,P0025,add_to_cart,,2024-03-16
U0171,P0021,view,,2024-10-08
U0409,P0021,purchase,1.0,2024-03-21
U0228,P0009,purchase,,2024-12-29
U0346,P0074,add_to_cart,1.0,2024-09-23
U0230,P0074,add_to_cart,,2024-02-02
U0321,P0074,purchase,,2024-10-23
U0156,P0021,purchase,1.0,2024-09-16
U0272,P0074,view,2.0,2024-08-11
U0460,P0146,add_to_cart,4.0,2024-08-12
U0283,P0021,view,,2024-05-06
U0170,P0072,view,,2024-10-14
U0187,P0074,add_to_cart,,2024-12-10
U0421,P0021,view,,2024-06-16
U0134,P0074,view,3.0,2024-01-29
U0033,P0021,add_to_cart,,2024-12-17
U0007,P0072,purchase,5.0,2024-08-11
U0012,P0021,view,,2024-09-16
U0016,P0074,purchase,,2024-06-05
U0373,P0074,purchase,2.0,2024-09-11
U0484,P0009,add_to_cart,,2024-06-27
U0111,P0061,add_to_cart,2.0,2024-04-17
U0264,P0074,add_to_cart,,2024-06-18
U0471,P0021,add_to_cart,,2024-03-14
U0059,P0074,add_to_cart,,2024-02-06
U0104,P0009,view,3.0,2024-08-20
U0195,P0074,add_to_cart,4.0,2024-05-26
U0157,P0052,view,4.0,2024-07-30
U0098,P0074,purchase,,2024-03-04
U0412,P0117,view,,2024-05-25
U0004,P0074,view,,2024-08-15
U0393,P0021,view,,2024-10-05
U0133,P0021,view,,2024-01-11
U0312,P0021,purchase,,2024-07-12
U0096,P0074,add_to_cart,,2024-08-11
U0331,P0074,purchase,3.0,2024-12-16
U0028,P0074,view,,2024-10-17
U0278,P0074,purchase,4.0,2024-03-23
U0017,P0025,view,3.0,2024-12-04
U0492,P0057,purchase,,2024-09-15
U0026,P0074,purchase,,2024-08-03
U0025,P0074,add_to_cart,2.0,2024-10-15
U0267,P0052,view,4.0,2024-11-01
U0461,P0009,view,5.0,2024-02-21
U0181,P0009,view,,2024-07-17
U0351,P0021,view,,2024-07-12
U0459,P0074,add_to_cart,,2024-12-08
U0052,P0074,purchase,,2024-05-15
U0188,P0195,add_to_cart,,2024-06-26
U0159,P0009,view,,2024-04-17
U0489,P0074,add_to_cart,,2024-03-09
U0282,P0074,purchase,5.0,2024-08-29
U0005,P0021,view,1.0,2024-01-22
U0434,P0074,purchase,,2024-09-04
U0224,P0021,view,,2024-11-16
U0122,P0074,add_to_cart,5.0,2024-12-03
U0078,P0021,view,5.0,2024-03-12
U0397,P0074,purchase,,2024-09-28
U0006,P0074,view,,2024-06-21
U0235,P0021,view,,2024-03-13
U0108,P0009,view,,2024-08-12
U0240,P0146,view,,2024-06-10
U0011,P0074,add_to_cart,,2024-08-27
U0351,P0074,purchase,4.0,2024-08-24
U0156,P0074,add_to_cart,1.0,2024-03-16
U0169,P0074,purchase,3.0,2024-02-14
U0252,P0074,purchase,1.0,2024-01-17
U0048,P0074,view,,2024-08-06
U0320,P0009,view,1.0,2024-07-09
U0090,P0021,view,,2024-10-13
U0332,P0021,add_to_cart,,2024-04-04
U0019,P0074,add_to_cart,,2024-10-22
U0358,P0021,view,5.0,2024-10-29
U0299,P0074,add_to_cart,,2024-12-02
U0484,P0021,purchase,,2024-07-21
U0427,P0021,add_to_cart,,2024-10-04
U0039,P0009,view,,2024-04-10
U0081,P0021,view,,2024-06-17
U0187,P0021,add_to_cart,,2024-01-20
U0242,P0074,add_to_cart,5.0,2024-10-01
U0093,P0074,purchase,,2024-07-11
U0044,P0074,purchase,,2024-08-23
U0421,P0021,add_to_cart,,2024-07-26
U0101,P0021,view,4.0,2024-06-20
U0426,P0009,view,,2024-03-24
U0322,P0074,add_to_cart,,2024-12-13
U0055,P0074,add_to_cart,,2024-12-17
U0432,P0009,view,4.0,2024-12-01
U0091,P0074,view,,2024-02-17
U0364,P0025,purchase,,2024-09-01
U0248,P0021,view,,2024-03-06
U0241,P0021,view,4.0,2024-04-05
U0094,P0074,purchase,1.0,2024-04-11
U0163,P0074,purchase,,2024-06-14
U0099,P0021,view,,2024-09-18
U0346,P0074,view,5.0,2024-07-01
U0017,P0074,purchase,,2024-11-17
U0468,P0062,view,,2024-04-11
U0091,P0074,purchase,,2024-11-26
U0449,P0074,add_to_cart,,2024-01-30
U0257,P0025,view,,2024-05-12
U0404,P0021,add_to_cart,,2024-01-21
U0343,P0114,add_to_cart,3.0,2024-12-29
U0389,P0074,purchase,4.0,2024-11-21
U0354,P0021,add_to_cart,1.0,2024-02-22
U0237,P0074,purchase,,2024-10-10
U0435,P0183,view,,2024-09-14
U0188,P0021,view,,2024-09-03
U0199,P0009,view,,2024-09-08
U0040,P0074,purchase,,2024-05-11
U0132,P0074,purchase,,2024-01-22
U0084,P0009,view,,2024-09-27
U0242,P0021,purchase,,2024-02-07
U0221,P0009,view,3.0,2024-08-22
U0367,P0074,add_to_cart,,2024-11-03
U0040,P0074,add_to_cart,,2024-12-04
U0024,P0074,purchase,,2024-12-23
U0433,P0074,purchase,3.0,2024-08-04
U0365,P0074,add_to_cart,,2024-09-10
U0054,P0074,purchase,,2024-03-28
U0326,P0074,purchase,1.0,2024-04-06
U0138,P0025,view,,2024-07-21
U0212,P0074,add_to_cart,,2024-11-05
U0003,P0009,add_to_cart,,2024-03-22
U0303,P0009,view,,2024-05-20
U0332,P0009,view,,2024-08-22
U0038,P0021,add_to_cart,,2024-05-30
U0420,P0074,add_to_cart,3.0,2024-11-28
U0239,P0074,add_to_cart,3.0,2024-05-05
U0343,P0074,purchase,,2024-03-06
U0314,P0074,add_to_cart,,2024-12-27
U0190,P0183,view,3.0,2024-09-19
U0357,P0077,purchase,,2024-07-14
U0185,P0074,add_to_cart,,2024-11-08
U0496,P0074,add_to_cart,,2024-10-03
U0379,P0009,view,3.0,2024-05-11
U0255,P0074,add_to_cart,,2024-08-18
U0009,P0074,view,2.0,2024-03-26
U0480,P0021,view,,2024-08-15
U0010,P0021,view,1.0,2024-01-06
U0217,P0074,purchase,1.0,2024-07-20
U0383,P0074,add_to_cart,,2024-04-19
U0088,P0043,view,,2024-04-30
U0194,P0074,add_to_cart,1.0,2024-08-28
U0271,P0074,purchase,1.0,2024-03-30
U0198,P0021,add_to_cart,,2024-05-28
U0167,P0074,add_to_cart,,2024-01-24
U0081,P0074,add_to_cart,,2024-01-27
U0477,P0074,purchase,4.0,2024-10-02
U0262,P0025,add_to_cart,,2024-05-25
U0340,P0074,add_to_cart,,2024-06-03
U0337,P0021,view,,2024-11-21
U0063,P0009,add_to_cart,2.0,2024-09-12
U0183,P0021,view,,2024-02-25
U0451,P0025,view,5.0,2024-06-07
U0369,P0009,view,4.0,2024-04-28
U0339,P0025,view,,2024-08-14
U0372,P0025,purchase,1.0,2024-07-08
U0339,P0074,add_to_cart,,2024-09-18
U0193,P0074,purchase,,2024-10-03
U0283,P0021,add_to_cart,,2024-06-13
U0336,P0021,add_to_cart,,2024-10-01
U0379,P0074,purchase,1.0,2024-07-20
U0148,P0074,add_to_cart,,2024-11-14
U0452,P0074,purchase,,2024-09-04
U0002,P0009,add_to_cart,1.0,2024-05-29
U0007,P0074,add_to_cart,4.0,2024-08-26
U0440,P0074,purchase,,2024-11-19
U0375,P0009,view,,2024-02-08
U0451,P0021,view,5.0,2024-08-12
U0114,P0057,view,,2024-05-08
U0179,P0114,purchase,,2024-11-14
U0500,P0021,purchase,,2024-04-03
U0012,P0123,purchase,3.0,2024-03-09
U0331,P0021,view,,2024-06-22
U0097,P0074,purchase,,2024-07-12
U0033,P0074,view,5.0,2024-11-05
U0318,P0074,purchase,5.0,2024-11-04
U0050,P0074,add_to_cart,,2024-06-05
U0197,P0074,purchase,,2024-08-30
U0478,P0074,add_to_cart,2.0,2024-05-22
U0167,P0009,view,1.0,2024-09-13
U0452,P0021,add_to_cart,,2024-12-30
U0289,P0074,purchase,,2024-11-13
U0141,P0074,purchase,,2024-03-18
U0182,P0074,add_to_cart,,2024-01-20
U0029,P0009,view,,2024-11-19
U0361,P0025,view,,2024-03-18
U0062,P0017,purchase,,2024-07-30
U0202,P0009,view,,2024-10-21
U0006,P0074,purchase,,2024-01-14
U0412,P0022,view,2.0,2024-03-15
U0318,P0074,add_to_cart,3.0,2024-10-29
U0468,P0009,add_to_cart,3.0,2024-07-31
U0177,P0021,view,,2024-06-11
U0071,P0074,view,,2024-06-12
U0387,P0021,add_to_cart,,2024-03-29
U0291,P0021,view,,2024-11-13
U0074,P0025,view,,2024-06-07
U0166,P0074,purchase,,2024-01-05
U0439,P0074,add_to_cart,,2024-01-17
U0295,P0077,view,1.0,2024-02-01
U0230,P0074,purchase,,2024-06-10
U0438,P0009,purchase,,2024-12-20
U0048,P0074,add_to_cart,,2024-04-13
U0048,P0021,add_to_cart,,2024-10-15
U0356,P0021,view,3.0,2024-01-11
U0068,P0032,view,4.0,2024-02-27
U0164,P0074,purchase,,2024-05-06
U0385,P0021,view,5.0,2024-08-24
U0416,P0025,add_to_cart,,2024-11-10
U0262,P0021,view,,2024-01-17
U0370,P0052,view,,2024-04-03
U0244,P0009,add_to_cart,,2024-01-10
U0367,P0074,purchase,,2024-03-27
U0348,P0109,view,,2024-09-17
U0377,P0025,purchase,5.0,2024-11-09
U0170,P0148,view,4.0,2024-12-10
U0212,P0074,view,3.0,2024-04-24
U0168,P0074,purchase,,2024-01-16
U0480,P0074,purchase,,2024-01-20
U0296,P0074,add_to_cart,4.0,2024-08-19
U0203,P0074,add_to_cart,,2024-02-07
U0094,P0074,add_to_cart,2.0,2024-10-20
U0304,P0074,add_to_cart,,2024-05-04
U0275,P0021,purchase,,2024-07-12
U0077,P0037,add_to_cart,,2024-02-28
U0238,P0052,view,,2024-09-20
U0187,P0074,purchase,5.0,2024-06-16
U0018,P0074,add_to_cart,,2024-08-05
U0185,P0074,view,,2024-11-25
U0260,P0021,view,2.0,2024-06-16
U0207,P0074,add_to_cart,4.0,2024-04-18
U0003,P0021,view,4.0,2024-04-30
U0422,P0074,purchase,,2024-03-06
U0341,P0072,add_to_cart,5.0,2024-07-28
U0133,P0021,purchase,,2024-06-02
U0348,P0074,add_to_cart,3.0,2024-02-04
U0451,P0009,view,,2024-05-03
U0069,P0113,view,,2024-02-11
U0140,P0074,view,,2024-08-12
U0153,P0057,view,,2024-01-19
U0177,P0009,view,,2024-07-31
U0006,P0074,add_to_cart,,2024-08-07
U0039,P0074,purchase,4.0,2024-07-31
U0118,P0043,view,3.0,2024-08-13
U0261,P0021,add_to_cart,1.0,2024-09-25
U0087,P0074,add_to_cart,,2024-09-05
U0451,P0074,add_to_cart,,2024-05-10
U0414,P0057,view,4.0,2024-01-12
U0383,P0009,view,,2024-04-26
U0160,P0074,purchase,5.0,2024-01-01
U0045,P0074,add_to_cart,3.0,2024-10-13
U0104,P0085,view,,2024-02-28
U0426,P0021,view,,2024-11-06
U0495,P0146,add_to_cart,,2024-09-19
U0247,P0074,purchase,1.0,2024-10-06
U0412,P0009,view,,2024-04-20
U0363,P0009,view,2.0,2024-06-03
U0446,P0021,view,4.0,2024-11-08
U0449,P0074,purchase,,2024-12-09
U0413,P0074,add_to_cart,4.0,2024-04-01
U0385,P0074,add_to_cart,,2024-06-04
U0239,P0085,view,5.0,2024-03-09
U0048,P0021,purchase,2.0,2024-05-17
U0245,P0074,add_to_cart,,2024-04-12
U0344,P0074,add_to_cart,,2024-07-27
U0071,P0074,add_to_cart,,2024-09-14
U0253,P0074,view,3.0,2024-07-12
U0491,P0074,add_to_cart,3.0,2024-10-18
U0282,P0025,add_to_cart,,2024-09-13
U0310,P0021,view,3.0,2024-04-25
U0336,P0021,view,,2024-01-30
U0233,P0021,view,,2024-01-11
U0413,P0076,view,,2024-09-28
U0450,P0021,add_to_cart,,2024-06-06
U0429,P0074,add_to_cart,,2024-05-31
U0139,P0021,view,2.0,2024-04-28
U0384,P0070,view,,2024-04-01
U0022,P0009,add_to_cart,4.0,2024-11-22
U0204,P0009,view,,2024-11-30
U0360,P0021,purchase,3.0,2024-02-12
U0335,P0021,view,1.0,2024-03-03
U0116,P0021,view,2.0,2024-04-29
U0313,P0021,view,,2024-11-14
U0335,P0009,view,4.0,2024-09-07
U0448,P0074,view,,2024-08-12
U0123,P0074,add_to_cart,,2024-02-25
U0234,P0021,view,,2024-12-04
U0221,P0170,view,,2024-01-09
U0059,P0188,purchase,,2024-02-21
U0479,P0074,add_to_cart,4.0,2024-08-12
U0414,P0074,add_to_cart,,2024-02-18
U0159,P0074,add_to_cart,3.0,2024-11-30
U0124,P0021,view,2.0,2024-02-19
U0048,P0085,view,,2024-11-06
U0409,P0021,view,,2024-12-13
U0368,P0074,purchase,,2024-08-06
U0314,P0044,view,,2024-05-31
U0092,P0009,view,2.0,2024-03-28
U0383,P0021,purchase,,2024-06-19
U0220,P0021,view,2.0,2024-09-16
U0390,P0009,view,,2024-12-03
U0064,P0074,add_to_cart,5.0,2024-02-27
U0292,P0021,view,2.0,2024-02-25
U0245,P0021,purchase,4.0,2024-01-17
U0445,P0009,view,,2024-04-25
U0269,P0021,view,,2024-08-25
U0054,P0021,view,3.0,2024-11-08
U0081,P0074,purchase,,2024-02-23
U0218,P0074,purchase,2.0,2024-03-29
U0178,P0074,add_to_cart,,2024-01-02
U0384,P0021,view,,2024-12-05
U0166,P0021,view,,2024-07-17
U0478,P0021,view,,2024-03-07
U0110,P0074,add_to_cart,,2024-11-24
U0074,P0074,purchase,,2024-06-12
U0207,P0009,purchase,,2024-07-19
U0063,P0074,add_to_cart,2.0,2024-04-03
U0022,P0009,purchase,,2024-02-09
U0176,P0074,add_to_cart,3.0,2024-10-18
U0217,P0021,view,4.0,2024-02-29
U0056,P0021,add_to_cart,,2024-06-23
U0366,P0074,add_to_cart,5.0,2024-03-13
U0230,P0009,view,4.0,2024-03-08
U0402,P0074,purchase,1.0,2024-12-03
U0287,P0074,purchase,,2024-02-02
U0458,P0074,purchase,,2024-01-05
U0365,P0121,view,,2024-11-05
U0187,P0074,view,,2024-04-22
U0499,P0021,view,5.0,2024-06-26
U0304,P0074,purchase,,2024-07-17
U0291,P0077,view,,2024-05-17
U0166,P0074,add_to_cart,,2024-10-23
U0003,P0029,purchase,,2024-01-19
U0061,P0074,purchase,2.0,2024-12-07
U0427,P0021,view,,2024-05-02
U0276,P0009,purchase,4.0,2024-12-02
U0139,P0009,view,,2024-10-18
U0482,P0021,view,1.0,2024-10-04
U0315,P0074,purchase,,2024-06-28
U0051,P0025,add_to_cart,,2024-01-22
U0055,P0009,view,,2024-10-02
U0210,P0021,purchase,,2024-07-04
U0075,P0072,view,,2024-09-10
U0460,P0074,add_to_cart,,2024-09-29
U0406,P0074,add_to_cart,4.0,2024-11-25
U0209,P0074,purchase,4.0,2024-04-29
U0404,P0074,purchase,2.0,2024-04-06
U0043,P0021,view,,2024-02-18
U0207,P0021,view,,2024-12-02
U0118,P0009,add_to_cart,2.0,2024-05-13
U0184,P0021,purchase,,2024-03-20
U0438,P0021,view,,2024-07-01
U0075,P0021,view,,2024-02-23
U0364,P0021,view,,2024-06-12
U0299,P0021,view,,2024-10-16
U0150,P0021,add_to_cart,1.0,2024-03-27
U0029,P0021,view,,2024-05-14
U0296,P0009,view,2.0,2024-03-30
U0474,P0021,view,1.0,2024-11-03
U0128,P0021,purchase,,2024-12-16
U0181,P0009,add_to_cart,,2024-10-07
U0215,P0074,add_to_cart,,2024-01-21
U0088,P0074,purchase,,2024-08-25
U0256,P0021,add_to_cart,,2024-04-02
U0073,P0021,purchase,4.0,2024-03-29
U0293,P0009,view,1.0,2024-05-21
U0234,P0074,add_to_cart,,2024-05-29
U0264,P0121,view,,2024-09-19
U0222,P0074,purchase,,2024-08-08
U0276,P0009,view,1.0,2024-08-09
U0119,P0074,purchase,4.0,2024-09-17
U0268,P0021,view,,2024-04-13
U0298,P0032,view,,2024-04-30
U0350,P0146,view,,2024-05-28
U0494,P0074,purchase,,2024-02-26
U0011,P0074,purchase,,2024-12-06
U0058,P0009,purchase,2.0,2024-08-16
U0290,P0021,view,2.0,2024-05-10
U0358,P0074,purchase,,2024-07-19
U0485,P0074,purchase,,2024-10-16
U0072,P0074,purchase,,2024-12-10
U0236,P0021,view,,2024-04-18
U0407,P0074,add_to_cart,,2024-10-03
U0004,P0094,view,,2024-01-10
U0130,P0074,purchase,,2024-04-13
U0453,P0009,purchase,,2024-10-08
U0192,P0064,view,,2024-05-26
U0128,P0074,add_to_cart,1.0,2024-02-16
U0316,P0009,purchase,,2024-11-24
U0226,P0074,add_to_cart,,2024-06-12
U0278,P0021,add_to_cart,,2024-07-24
U0018,P0021,view,,2024-09-27
U0460,P0021,add_to_cart,,2024-11-01
U0424,P0021,purchase,,2024-08-09
U0399,P0074,add_to_cart,,2024-02-24
U0106,P0074,purchase,,2024-01-12
U0208,P0007,view,,2024-02-22
U0249,P0074,add_to_cart,,2024-05-12
U0196,P0052,view,2.0,2024-08-08
U0345,P0074,add_to_cart,,2024-10-19
U0486,P0074,purchase,,2024-04-29
U0412,P0021,view,,2024-02-24
U0208,P0074,purchase,,2024-02-17
U0200,P0074,view,,2024-04-27
U0247,P0009,purchase,2.0,2024-02-14
U0072,P0021,add_to_cart,1.0,2024-10-01
U0177,P0074,purchase,,2024-02-29
U0255,P0117,add_to_cart,,2024-04-25
U0325,P0009,view,,2024-10-06
U0190,P0074,purchase,2.0,2024-06-15
U0127,P0025,view,2.0,2024-04-23
U0287,P0009,purchase,1.0,2024-05-30
U0433,P0045,view,1.0,2024-06-27
U0385,P0074,purchase,5.0,2024-11-13
U0399,P0089,add_to_cart,,2024-01-19
U0273,P0021,add_to_cart,5.0,2024-12-16
U0058,P0070,view,,2024-03-21
U0174,P0009,view,2.0,2024-11-10
U0111,P0009,purchase,3.0,2024-06-01
U0423,P0021,view,2.0,2024-11-09
U0229,P0074,add_to_cart,,2024-02-29
U0189,P0074,purchase,,2024-04-02
U0272,P0074,purchase,2.0,2024-08-05
U0096,P0074,purchase,5.0,2024-03-28
U0171,P0074,purchase,,2024-05-30
U0094,P0009,purchase,,2024-09-03
U0143,P0089,view,,2024-03-19
U0180,P0074,view,1.0,2024-12-06
U0202,P0009,purchase,2.0,2024-02-28
U0471,P0009,view,,2024-06-26
U0384,P0074,add_to_cart,,2024-08-06
U0417,P0021,add_to_cart,4.0,2024-04-27
U0308,P0052,view,3.0,2024-04-28
U0044,P0021,purchase,3.0,2024-02-11
U0288,P0021,view,,2024-02-01
U0232,P0072,add_to_cart,5.0,2024-04-25
U0213,P0009,view,,2024-02-08
U0342,P0074,add_to_cart,2.0,2024-08-01
U0433,P0021,view,,2024-01-21
U0227,P0009,view,,2024-01-14
U0344,P0009,view,,2024-04-16
U0115,P0021,purchase,,2024-06-17
U0244,P0074,add_to_cart,3.0,2024-09-21
U0238,P0074,add_to_cart,,2024-02-10
U0184,P0021,view,2.0,2024-07-04
U0210,P0074,purchase,,2024-04-22
U0447,P0074,purchase,4.0,2024-04-14
U0456,P0072,add_to_cart,2.0,2024-05-19
U0408,P0021,purchase,,2024-06-22
U0211,P0021,add_to_cart,,2024-01-27
U0195,P0146,view,,2024-09-09
U0113,P0103,view,4.0,2024-10-29
U0181,P0021,view,2.0,2024-03-13
U0129,P0009,view,,2024-03-17
U0246,P0021,purchase,5.0,2024-02-12
U0089,P0009,view,,2024-06-05
U0214,P0021,add_to_cart,,2024-10-04
U0250,P0021,purchase,,2024-10-26
U0472,P0074,add_to_cart,,2024-04-05
U0377,P0021,view,,2024-09-19
U0070,P0158,purchase,5.0,2024-04-20
U0112,P0074,add_to_cart,,2024-10-14
U0476,P0009,add_to_cart,,2024-08-19
U0203,P0021,view,,2024-06-12
U0237,P0074,add_to_cart,,2024-09-17
U0037,P0052,view,,2024-05-09
U0358,P0072,view,1.0,2024-11-10
U0002,P0021,view,2.0,2024-01-24
U0030,P0009,view,5.0,2024-09-06
U0090,P0074,purchase,2.0,2024-03-31
U0381,P0074,add_to_cart,,2024-05-23
U0378,P0074,add_to_cart,,2024-10-03
U0103,P0074,purchase,5.0,2024-01-25
U0052,P0021,add_to_cart,,2024-12-16
U0111,P0074,add_to_cart,3.0,2024-09-14
U0191,P0074,purchase,,2024-03-20
U0490,P0074,purchase,1.0,2024-12-18
U0209,P0074,add_to_cart,3.0,2024-04-30
U0022,P0183,view,,2024-01-20
U0099,P0085,view,,2024-01-07
U0145,P0074,purchase,,2024-07-06
U0429,P0021,purchase,1.0,2024-01-12
U0262,P0009,view,,2024-08-17
U0241,P0074,purchase,5.0,2024-03-08
U0415,P0009,view,,2024-07-08
U0245,P0009,purchase,,2024-08-31
U0470,P0021,view,3.0,2024-10-26
U0058,P0021,view,5.0,2024-11-15
U0026,P0074,add_to_cart,,2024-08-15
U0146,P0021,add_to_cart,1.0,2024-07-11
U0391,P0009,purchase,,2024-09-23
U0337,P0021,add_to_cart,1.0,2024-11-16
U0122,P0021,add_to_cart,,2024-11-21
U0360,P0074,add_to_cart,,2024-08-28
U0355,P0074,add_to_cart,2.0,2024-03-25
U0288,P0114,view,4.0,2024-07-25
U0141,P0057,add_to_cart,5.0,2024-06-01
U0368,P0021,view,3.0,2024-06-12
U0296,P0074,purchase,,2024-11-20
U0220,P0009,add_to_cart,4.0,2024-02-05
U0346,P0021,view,,2024-09-27
U0194,P0074,purchase,1.0,2024-03-27
U0171,P0059,view,,2024-07-02
U0201,P0021,purchase,,2024-11-29
U0450,P0009,purchase,,2024-02-09
U0364,P0009,add_to_cart,,2024-02-29
U0125,P0148,add_to_cart,1.0,2024-08-21
U0286,P0074,purchase,5.0,2024-01-17
U0197,P0074,view,,2024-07-02
U0373,P0074,view,2.0,2024-08-04
U0151,P0009,view,,2024-11-17
U0288,P0009,view,,2024-03-16
U0424,P0021,view,,2024-01-20
U0376,P0009,view,5.0,2024-08-19
U0297,P0009,add_to_cart,,2024-09-16
U0416,P0009,view,2.0,2024-11-28
U0150,P0074,add_to_cart,2.0,2024-09-04
U0018,P0074,purchase,,2024-04-22
U0083,P0074,add_to_cart,,2024-10-14
U0281,P0074,add_to_cart,,2024-12-07
U0314,P0021,add_to_cart,2.0,2024-04-25
U0099,P0021,add_to_cart,,2024-10-24
U0214,P0114,purchase,,2024-02-26
U0391,P0064,view,5.0,2024-07-25
U0064,P0021,view,2.0,2024-03-18
U0258,P0021,view,,2024-01-02
U0121,P0072,view,,2024-02-04
U0298,P0072,add_to_cart,,2024-09-21
U0466,P0009,view,4.0,2024-08-05
U0054,P0021,add_to_cart,5.0,2024-03-07
U0187,P0021,view,,2024-03-21
U0491,P0074,purchase,,2024-01-06
U0333,P0021,add_to_cart,,2024-06-19
U0388,P0146,add_to_cart,,2024-12-01
U0315,P0074,add_to_cart,,2024-11-27
U0079,P0009,purchase,4.0,2024-04-10
U0012,P0074,add_to_cart,,2024-01-22
U0141,P0021,purchase,5.0,2024-03-09
U0063,P0009,purchase,,2024-08-24
U0284,P0074,add_to_cart,,2024-08-30
U0349,P0021,purchase,,2024-02-10
U0458,P0027,add_to_cart,1.0,2024-08-15
U0180,P0194,view,,2024-06-13
U0293,P0009,purchase,1.0,2024-02-21
U0436,P0074,add_to_cart,,2024-07-27
U0165,P0074,add_to_cart,3.0,2024-04-28
U0224,P0009,view,4.0,2024-01-22
U0045,P0074,purchase,,2024-04-24
U0275,P0021,view,,2024-09-28
U0441,P0021,view,,2024-09-18
U0388,P0074,add_to_cart,,2024-07-20
U0300,P0072,add_to_cart,,2024-12-29
U0077,P0074,purchase,5.0,2024-03-04
U0095,P0074,add_to_cart,,2024-11-02
U0135,P0021,view,,2024-09-18
U0490,P0021,view,,2024-03-25
U0384,P0074,purchase,5.0,2024-02-05
U0341,P0025,view,,2024-08-13
U0415,P0074,add_to_cart,2.0,2024-09-29
U0138,P0183,view,,2024-12-18
U0130,P0085,add_to_cart,,2024-06-22
U0209,P0072,add_to_cart,3.0,2024-05-13
U0181,P0074,purchase,,2024-01-23
U0296,P0021,view,3.0,2024-03-05
U0012,P0009,add_to_cart,,2024-11-03
U0096,P0009,purchase,,2024-08-14
U0242,P0074,purchase,2.0,2024-08-05
U0283,P0074,purchase,1.0,2024-09-28
U0041,P0074,add_to_cart,,2024-07-20
U0322,P0021,purchase,4.0,2024-12-19
U0010,P0009,view,,2024-07-28
U0226,P0074,purchase,2.0,2024-12-16
U0408,P0072,view,,2024-04-17
U0057,P0021,view,,2024-02-10
U0015,P0074,add_to_cart,2.0,2024-08-21
U0394,P0074,purchase,2.0,2024-11-24
U0216,P0121,view,3.0,2024-06-13
U0398,P0021,purchase,,2024-09-25
U0420,P0021,view,,2024-12-24
U0206,P0021,add_to_cart,,2024-09-03
U0127,P0074,purchase,,2024-08-28
U0356,P0021,purchase,,2024-01-24
U0096,P0021,view,,2024-08-04
U0148,P0009,view,1.0,2024-06-18
U0294,P0021,view,2.0,2024-03-10
U0195,P0021,view,,2024-04-20
U0123,P0021,view,1.0,2024-06-06
U0453,P0074,purchase,,2024-02-01
U0452,P0050,view,,2024-09-26
U0337,P0072,purchase,,2024-03-03
U0142,P0074,add_to_cart,,2024-10-20
U0256,P0009,view,,2024-03-22
U0335,P0074,add_to_cart,4.0,2024-07-10
U0043,P0021,add_to_cart,,2024-01-01
U0110,P0021,add_to_cart,,2024-07-04
U0133,P0009,purchase,,2024-10-18
U0285,P0114,view,3.0,2024-07-06
U0326,P0021,add_to_cart,3.0,2024-01-11
U0095,P0074,purchase,,2024-02-14
U0219,P0009,view,,2024-09-23
U0075,P0074,add_to_cart,,2024-09-28
U0054,P0025,view,,2024-08-04
U0193,P0074,add_to_cart,,2024-10-17
U0437,P0074,purchase,4.0,2024-06-11
U0326,P0049,purchase,,2024-06-26
U0008,P0025,view,,2024-03-03
U0112,P0021,view,,2024-03-05
U0131,P0074,purchase,3.0,2024-08-14
U0188,P0009,view,,2024-07-17
U0167,P0021,view,,2024-11-25
U0243,P0021,add_to_cart,2.0,2024-11-14
U0475,P0009,view,,2024-08-27
U0052,P0074,add_to_cart,,2024-04-20
U0437,P0074,add_to_cart,3.0,2024-02-07
U0200,P0074,purchase,,2024-11-05
U0440,P0021,add_to_cart,,2024-10-14
U0154,P0085,add_to_cart,1.0,2024-11-01
U0042,P0009,add_to_cart,1.0,2024-11-16
U0294,P0037,view,,2024-01-23
U0427,P0153,add_to_cart,,2024-03-24
U0448,P0021,add_to_cart,,2024-11-21
U0230,P0021,view,,2024-11-25
U0232,P0021,view,1.0,2024-03-16
U0267,P0074,add_to_cart,3.0,2024-01-06
U0317,P0074,purchase,,2024-03-06
U0396,P0021,purchase,,2024-08-21
U0427,P0009,add_to_cart,,2024-05-27
U0309,P0074,purchase,,2024-03-13
U0441,P0009,add_to_cart,5.0,2024-06-25
U0305,P0021,add_to_cart,3.0,2024-01-19
U0353,P0074,purchase,,2024-05-12
U0273,P0021,purchase,,2024-03-11
U0238,P0074,purchase,5.0,2024-02-02
U0106,P0025,view,1.0,2024-01-10
U0320,P0085,purchase,,2024-07-13
U0278,P0021,purchase,,2024-08-14
U0330,P0072,view,2.0,2024-05-03
U0496,P0009,view,,2024-06-21
U0306,P0009,view,,2024-02-02
U0001,P0021,view,4.0,2024-02-20
U0418,P0074,add_to_cart,,2024-05-12
U0457,P0074,purchase,2.0,2024-11-08
U0291,P0025,view,,2024-03-11
U0292,P0074,purchase,,2024-08-01
U0299,P0009,view,,2024-10-01
U0283,P0059,view,,2024-08-14
U0413,P0009,view,,2024-12-30
U0031,P0074,add_to_cart,,2024-05-14
U0039,P0021,view,,2024-05-03
U0203,P0009,view,,2024-08-19
U0455,P0098,add_to_cart,5.0,2024-08-18
U0383,P0057,view,,2024-11-13
U0044,P0021,view,5.0,2024-05-14
U0101,P0074,purchase,,2024-01-16
U0249,P0021,view,,2024-04-19
U0033,P0074,purchase,,2024-06-03
U0229,P0074,purchase,1.0,2024-06-14
U0423,P0074,add_to_cart,3.0,2024-06-16
U0393,P0021,purchase,,2024-03-24
U0190,P0072,view,,2024-11-25
U0180,P0074,purchase,4.0,2024-12-20
U0172,P0021,view,,2024-10-19
U0438,P0025,purchase,,2024-03-06
U0236,P0074,add_to_cart,5.0,2024-03-08
U0022,P0074,purchase,,2024-03-11
U0025,P0074,purchase,,2024-06-06
U0351,P0085,add_to_cart,3.0,2024-11-15
U0412,P0025,view,,2024-07-04
U0220,P0074,add_to_cart,3.0,2024-11-18
U0179,P0021,purchase,,2024-01-01
U0330,P0025,view,4.0,2024-10-31
U0378,P0149,add_to_cart,1.0,2024-11-01
U0085,P0074,add_to_cart,,2024-10-10
U0045,P0021,view,2.0,2024-02-05
U0136,P0037,view,2.0,2024-12-13
U0015,P0021,view,2.0,2024-08-10
U0278,P0050,view,,2024-06-05
U0113,P0074,add_to_cart,,2024-11-23
U0266,P0074,add_to_cart,,2024-09-07
U0306,P0052,purchase,,2024-02-19
U0012,P0021,add_to_cart,,2024-11-06
U0465,P0025,view,4.0,2024-08-13
U0279,P0021,add_to_cart,,2024-07-13
U0134,P0064,view,,2024-01-18
U0190,P0009,view,,2024-06-13
U0468,P0072,add_to_cart,,2024-09-16
U0220,P0074,purchase,4.0,2024-06-13
U0481,P0021,add_to_cart,,2024-04-04
U0496,P0064,view,,2024-07-11
U0323,P0021,view,,2024-11-15
U0148,P0021,add_to_cart,,2024-08-11
U0370,P0074,add_to_cart,,2024-10-29
U0319,P0021,purchase,,2024-02-05
U0203,P0052,view,,2024-05-29
U0026,P0009,view,,2024-02-15
U0374,P0074,add_to_cart,,2024-01-03
U0151,P0074,add_to_cart,4.0,2024-12-14
U0348,P0021,purchase,,2024-10-18
U0180,P0074,add_to_cart,2.0,2024-01-19
U0253,P0114,view,,2024-01-18
U0410,P0025,view,4.0,2024-08-31
U0127,P0021,view,1.0,2024-01-10
U0168,P0074,add_to_cart,2.0,2024-10-31
U0126,P0032,view,,2024-10-21
U0310,P0021,add_to_cart,1.0,2024-12-17
U0328,P0025,view,3.0,2024-08-24
U0064,P0009,view,,2024-11-29
U0225,P0021,view,,2024-03-17
U0405,P0009,purchase,,2024-11-10
U0428,P0072,add_to_cart,,2024-03-02
U0347,P0121,add_to_cart,,2024-04-26
U0137,P0021,view,,2024-03-18
U0313,P0021,add_to_cart,,2024-02-24
U0148,P0021,view,,2024-05-28
U0297,P0074,purchase,,2024-11-12
U0038,P0009,view,,2024-02-05
U0322,P0074,purchase,,2024-10-04
U0372,P0074,add_to_cart,2.0,2024-12-12
U0001,P0074,add_to_cart,,2024-05-13
U0484,P0021,view,,2024-03-11
U0429,P0148,view,,2024-11-05
U0016,P0074,add_to_cart,2.0,2024-03-10
U0034,P0072,add_to_cart,,2024-11-06
U0070,P0183,add_to_cart,,2024-04-20
U0490,P0021,add_to_cart,,2024-09-20
U0244,P0021,view,,2024-10-11
U0099,P0074,purchase,,2024-07-03
U0377,P0074,purchase,,2024-02-24
U0308,P0085,add_to_cart,,2024-08-16
U0093,P0021,view,5.0,2024-04-30
U0330,P0074,purchase,,2024-07-09
U0189,P0037,add_to_cart,3.0,2024-05-21
U0105,P0009,view,,2024-02-03
U0067,P0033,purchase,,2024-03-26
U0298,P0074,purchase,,2024-07-30
U0073,P0021,add_to_cart,,2024-05-20
U0308,P0074,add_to_cart,,2024-02-26
U0199,P0074,purchase,1.0,2024-08-03
U0130,P0143,view,2.0,2024-05-10
U0341,P0072,view,,2024-12-12
U0151,P0025,view,,2024-11-16
U0157,P0021,view,,2024-11-25
U0287,P0021,purchase,,2024-02-01
U0192,P0021,add_to_cart,,2024-04-16
U0444,P0009,add_to_cart,5.0,2024-09-01
U0467,P0025,view,,2024-03-19
U0361,P0021,view,,2024-09-03
U0305,P0074,purchase,3.0,2024-02-21
U0473,P0021,purchase,,2024-01-19
U0083,P0074,purchase,4.0,2024-08-04
U0273,P0009,view,4.0,2024-03-14
U0191,P0021,add_to_cart,,2024-06-12
U0036,P0074,purchase,,2024-08-19
U0006,P0021,view,,2024-01-01
U0285,P0021,view,3.0,2024-03-21
U0126,P0021,view,5.0,2024-05-02
U0409,P0059,add_to_cart,,2024-06-20
U0174,P0074,add_to_cart,,2024-12-24
U0152,P0025,view,5.0,2024-09-03
U0331,P0074,add_to_cart,,2024-12-28
U0078,P0074,purchase,,2024-07-28
U0054,P0009,view,,2024-01-23
U0112,P0021,add_to_cart,4.0,2024-07-08
U0191,P0009,view,,2024-01-13
U0196,P0120,view,,2024-07-15
U0104,P0074,purchase,,2024-01-09
U0230,P0009,add_to_cart,,2024-02-26
U0172,P0074,add_to_cart,5.0,2024-11-07
U0041,P0052,view,4.0,2024-06-27
U0331,P0021,purchase,,2024-01-01
U0373,P0074,add_to_cart,,2024-05-31
U0484,P0021,add_to_cart,,2024-12-20
U0389,P0074,add_to_cart,,2024-06-25
U0253,P0074,purchase,4.0,2024-10-28
U0151,P0021,purchase,,2024-12-05
U0050,P0032,add_to_cart,,2024-02-08
U0206,P0021,view,,2024-08-22
U0498,P0025,view,,2024-03-11
U0034,P0074,add_to_cart,,2024-06-28
U0455,P0021,purchase,,2024-02-12
U0192,P0074,add_to_cart,,2024-03-06
U0347,P0074,purchase,4.0,2024-03-11
U0056,P0074,purchase,,2024-09-25
U0016,P0021,add_to_cart,2.0,2024-04-29
U0265,P0074,purchase,,2024-03-01
U0320,P0074,purchase,,2024-05-22
U0383,P0064,view,3.0,2024-04-30
U0097,P0009,view,5.0,2024-09-01
U0082,P0021,view,4.0,2024-09-28
U0070,P0021,view,,2024-03-31
U0087,P0074,purchase,3.0,2024-12-01
U0472,P0021,view,3.0,2024-08-20
U0113,P0072,view,,2024-10-24
U0295,P0074,add_to_cart,1.0,2024-06-01
U0189,P0009,purchase,,2024-08-11
U0182,P0085,view,,2024-02-14
U0196,P0021,view,,2024-12-06
U0263,P0074,add_to_cart,,2024-05-20
U0298,P0074,add_to_cart,,2024-10-03
U0128,P0074,purchase,,2024-06-02
U0369,P0085,view,2.0,2024-08-21
U0083,P0009,add_to_cart,,2024-02-27
U0099,P0009,purchase,,2024-01-12
U0126,P0009,add_to_cart,2.0,2024-04-28
U0031,P0021,view,,2024-03-27
U0112,P0064,add_to_cart,,2024-10-02
U0402,P0021,add_to_cart,,2024-04-06
U0110,P0074,purchase,5.0,2024-01-16
U0375,P0040,view,,2024-02-24
U0403,P0009,view,2.0,2024-07-27
U0482,P0074,add_to_cart,,2024-03-21
U0179,P0074,purchase,,2024-10-22
U0219,P0021,view,4.0,2024-02-06
U0100,P0074,add_to_cart,,2024-01-22
U0171,P0009,view,,2024-06-12
U0428,P0009,view,,2024-09-22
U0327,P0074,add_to_cart,5.0,2024-07-31
U0302,P0038,view,,2024-09-11
U0452,P0064,view,,2024-02-10
U0078,P0074,add_to_cart,,2024-05-10
U0327,P0009,view,,2024-04-11
U0150,P0043,add_to_cart,,2024-01-05
U0288,P0052,view,4.0,2024-09-10
U0129,P0074,add_to_cart,,2024-08-31
U0058,P0009,view,3.0,2024-06-21
U0023,P0074,add_to_cart,,2024-03-06
U0027,P0074,purchase,3.0,2024-05-20
U0097,P0021,add_to_cart,,2024-03-10
U0317,P0072,view,,2024-06-04
U0294,P0021,purchase,,2024-11-23
U0034,P0074,purchase,,2024-06-29
U0082,P0074,add_to_cart,5.0,2024-05-22
U0105,P0074,purchase,5.0,2024-09-23
U0226,P0009,view,2.0,2024-09-23
U0228,P0009,view,2.0,2024-01-25
U0191,P0021,view,1.0,2024-02-18
U0170,P0074,add_to_cart,,2024-08-31
U0041,P0074,purchase,,2024-07-01
U0062,P0074,purchase,,2024-04-14
U0494,P0021,view,,2024-06-14
U0292,P0085,add_to_cart,,2024-09-08
U0366,P0021,add_to_cart,5.0,2024-07-08
U0318,P0009,add_to_cart,,2024-12-07
U0337,P0025,purchase,,2024-05-22
U0273,P0110,view,5.0,2024-04-27
U0368,P0074,add_to_cart,2.0,2024-11-08
U0442,P0074,add_to_cart,,2024-09-19
U0183,P0074,purchase,,2024-07-17
U0365,P0072,view,4.0,2024-11-27
U0338,P0021,add_to_cart,,2024-08-09
U0205,P0021,view,2.0,2024-04-23
U0217,P0057,add_to_cart,3.0,2024-03-26
U0181,P0021,purchase,,2024-05-15
U0481,P0075,view,1.0,2024-06-11
U0131,P0021,purchase,,2024-01-12
U0363,P0021,view,3.0,2024-04-12
U0154,P0021,view,,2024-06-26
U0373,P0021,add_to_cart,,2024-12-12
U0442,P0021,add_to_cart,1.0,2024-08-15
U0200,P0021,add_to_cart,,2024-10-03
U0090,P0021,purchase,,2024-08-24
U0002,P0064,view,3.0,2024-10-30
U0216,P0077,add_to_cart,,2024-03-10
U0236,P0032,purchase,,2024-05-11
U0412,P0074,purchase,1.0,2024-08-17
U0205,P0074,purchase,2.0,2024-10-18
U0279,P0021,view,,2024-03-01
U0100,P0009,view,,2024-11-30
U0162,P0043,view,,2024-11-08
U0246,P0021,view,,2024-11-29
U0222,P0009,view,,2024-01-27
U0019,P0021,add_to_cart,,2024-06-09
U0084,P0009,add_to_cart,,2024-11-11
U0155,P0022,add_to_cart,,2024-06-26
U0357,P0074,purchase,,2024-02-04
U0009,P0074,add_to_cart,,2024-09-11
U0405,P0074,purchase,,2024-04-09
U0106,P0043,purchase,,2024-12-02
U0381,P0007,view,,2024-11-18
U0035,P0009,view,4.0,2024-02-03
U0132,P0146,purchase,,2024-11-16
U0262,P0074,add_to_cart,1.0,2024-04-19
U0392,P0183,view,,2024-05-05
U0140,P0021,view,,2024-07-04
U0469,P0074,purchase,,2024-03-14
U0438,P0057,add_to_cart,,2024-01-10
U0236,P0025,view,3.0,2024-05-30
U0330,P0074,add_to_cart,,2024-05-25
U0408,P0021,view,1.0,2024-09-20
U0266,P0021,view,5.0,2024-09-28
U0405,P0021,view,3.0,2024-01-12
U0287,P0009,view,4.0,2024-11-24
U0064,P0052,view,,2024-07-28
U0232,P0074,purchase,,2024-03-01
U0018,P0021,add_to_cart,,2024-06-12
U0226,P0021,view,,2024-08-25
U0370,P0074,purchase,4.0,2024-08-21
U0110,P0022,view,,2024-04-01
U0172,P0021,add_to_cart,,2024-06-01
U0309,P0033,view,1.0,2024-04-30
U0436,P0043,view,,2024-10-25
U0177,P0038,add_to_cart,,2024-02-25
U0161,P0021,purchase,,2024-10-26
U0013,P0074,purchase,,2024-12-01
U0089,P0074,purchase,,2024-05-23
U0229,P0025,purchase,3.0,2024-05-16
U0275,P0071,purchase,,2024-07-04
U0034,P0021,view,,2024-12-05
U0005,P0029,view,,2024-02-08
U0104,P0021,view,,2024-10-04
U0379,P0085,view,,2024-05-14
U0485,P0125,view,1.0,2024-09-21
U0470,P0074,purchase,,2024-01-16
U0485,P0021,view,,2024-08-09
U0329,P0074,purchase,,2024-08-19
U0397,P0025,view,,2024-10-24
U0248,P0074,purchase,,2024-02-01
U0388,P0074,purchase,5.0,2024-08-23
U0497,P0021,purchase,,2024-10-03
U0144,P0021,add_to_cart,5.0,2024-08-31
U0325,P0064,add_to_cart,,2024-12-24
U0284,P0021,add_to_cart,1.0,2024-03-28
U0103,P0009,view,,2024-09-06
U0368,P0021,add_to_cart,1.0,2024-04-08
U0058,P0021,add_to_cart,,2024-02-05
U0105,P0074,add_to_cart,,2024-03-13
U0234,P0074,purchase,1.0,2024-02-08
U0170,P0076,purchase,,2024-02-28
U0324,P0021,view,4.0,2024-01-30
U0382,P0021,view,,2024-03-01
U0367,P0021,purchase,,2024-09-16
U0299,P0074,purchase,,2024-07-04
U0177,P0032,view,,2024-03-30
U0474,P0009,view,,2024-09-24
U0114,P0009,add_to_cart,4.0,2024-03-27
U0469,P0044,view,,2024-10-11
U0044,P0098,view,,2024-11-06
U0207,P0064,add_to_cart,,2024-11-09
U0151,P0021,view,,2024-03-30
