user_id,product_id,implicit_score,n_events,last_event,has_purchase,explicit_score
U0001,P0021,1,1,2024-02-20,0,4.0
U0001,P0074,9,3,2024-07-19,1,
U0002,P0009,3,1,2024-05-29,0,1.0
U0002,P0021,1,1,2024-01-24,0,2.0
U0002,P0064,1,1,2024-10-30,0,3.0
U0002,P0074,9,3,2024-11-22,1,5.0
U0003,P0009,3,1,2024-03-22,0,
U0003,P0021,1,1,2024-04-30,0,4.0
U0003,P0029,5,1,2024-01-19,1,
U0003,P0074,9,3,2024-08-13,1,
U0003,P0195,3,1,2024-12-04,0,
U0004,P0074,6,2,2024-08-15,1,
U0004,P0094,1,1,2024-01-10,0,
U0005,P0021,6,2,2024-06-10,1,1.0
U0005,P0029,1,1,2024-02-08,0,
U0005,P0074,6,2,2024-12-02,1,
U0006,P0021,1,1,2024-01-01,0,
U0006,P0074,9,3,2024-08-07,1,
U0007,P0072,5,1,2024-08-11,1,5.0
U0007,P0074,4,2,2024-08-26,0,4.0
U0008,P0009,1,1,2024-09-20,0,3.0
U0008,P0025,6,2,2024-03-03,1,
U0008,P0074,9,3,2024-12-01,1,3.0
U0009,P0021,1,1,2024-07-23,0,3.0
U0009,P0074,9,3,2024-09-11,1,2.0
U0009,P0076,1,1,2024-06-25,0,
U0010,P0009,1,1,2024-07-28,0,
U0010,P0021,1,1,2024-01-06,0,1.0
U0010,P0074,4,2,2024-09-18,0,
U0011,P0021,1,1,2024-11-21,0,1.0
U0011,P0074,9,3,2024-12-06,1,
U0012,P0009,4,2,2024-11-03,0,1.0
U0012,P0021,4,2,2024-11-06,0,
U0012,P0074,9,3,2024-10-08,1,2.0
U0012,P0123,5,1,2024-03-09,1,3.0
U0013,P0021,1,1,2024-09-15,0,
U0013,P0074,9,3,2024-12-01,1,5.0
U0014,P0025,5,1,2024-07-04,1,
U0014,P0074,9,3,2024-12-30,1,
U0015,P0021,1,1,2024-08-10,0,2.0
U0015,P0074,9,3,2024-09-05,1,3.6666666666666665
U0016,P0021,4,2,2024-09-03,0,2.0
U0016,P0074,9,3,2024-08-19,1,2.0
U0017,P0025,1,1,2024-12-04,0,3.0
U0017,P0074,9,3,2024-11-17,1,2.0
U0018,P0021,4,2,2024-09-27,0,
U0018,P0074,9,3,2024-08-05,1,1.0
U0018,P0160,1,1,2024-08-14,0,
U0019,P0021,3,1,2024-06-09,0,
U0019,P0074,9,3,2024-11-20,1,
U0020,P0074,9,3,2024-10-16,1,1.0
U0021,P0009,8,2,2024-11-07,1,
U0021,P0021,3,1,2024-04-15,0,
U0021,P0074,9,3,2024-11-16,1,2.0
U0021,P0146,1,1,2024-01-21,0,4.0
U0022,P0009,8,2,2024-11-22,1,4.0
U0022,P0021,1,1,2024-03-16,0,5.0
U0022,P0074,9,3,2024-11-19,1,
U0022,P0183,1,1,2024-01-20,0,
U0023,P0074,9,3,2024-08-23,1,4.0
U0024,P0074,6,2,2024-12-23,1,
U0025,P0021,4,2,2024-07-14,0,1.0
U0025,P0074,9,3,2024-10-15,1,3.5
U0026,P0009,4,2,2024-02-21,0,
U0026,P0074,9,3,2024-08-15,1,1.0
U0027,P0021,5,1,2024-12-20,1,
U0027,P0074,9,3,2024-09-22,1,4.0
U0028,P0009,1,1,2024-10-30,0,
U0028,P0021,1,1,2024-07-19,0,
U0028,P0074,9,3,2024-10-17,1,5.0
U0029,P0009,1,1,2024-11-19,0,
U0029,P0021,1,1,2024-05-14,0,
U0029,P0074,4,2,2024-08-13,0,5.0
U0030,P0009,1,1,2024-09-06,0,5.0
U0030,P0021,6,2,2024-08-03,1,3.0
U0030,P0074,9,3,2024-08-11,1,3.0
U0031,P0009,1,1,2024-02-19,0,1.0
U0031,P0021,1,1,2024-03-27,0,
U0031,P0074,9,3,2024-06-11,1,
U0032,P0021,1,1,2024-01-11,0,2.0
U0032,P0025,1,1,2024-03-31,0,
U0032,P0074,9,3,2024-12-21,1,4.333333333333333
U0033,P0021,4,2,2024-12-17,0,
U0033,P0074,6,2,2024-11-05,1,5.0
U0034,P0021,1,1,2024-12-05,0,
U0034,P0072,3,1,2024-11-06,0,
U0034,P0074,9,3,2024-06-29,1,
U0035,P0009,1,1,2024-02-03,0,4.0
U0035,P0074,9,3,2024-12-22,1,2.0
U0036,P0009,1,1,2024-06-03,0,
U0036,P0053,1,1,2024-11-22,0,5.0
U0036,P0074,9,3,2024-08-19,1,
U0037,P0021,9,3,2024-11-23,1,4.0
U0037,P0052,1,1,2024-05-09,0,
U0037,P0074,4,2,2024-11-25,0,2.0
U0038,P0009,1,1,2024-02-05,0,
U0038,P0021,3,1,2024-05-30,0,
U0038,P0057,1,1,2024-03-19,0,
U0038,P0074,4,2,2024-05-09,0,
U0039,P0009,1,1,2024-04-10,0,
U0039,P0021,1,1,2024-05-03,0,
U0039,P0074,9,3,2024-09-10,1,4.0
U0040,P0074,9,3,2024-12-04,1,4.0
U0040,P0156,1,1,2024-12-04,0,
U0041,P0052,1,1,2024-06-27,0,4.0
U0041,P0074,9,3,2024-07-20,1,
U0041,P0114,1,1,2024-12-14,0,
U0042,P0009,3,1,2024-11-16,0,1.0
U0042,P0074,9,3,2024-09-16,1,5.0
U0043,P0021,4,2,2024-02-18,0,
U0043,P0074,9,3,2024-12-13,1,5.0
U0044,P0021,6,2,2024-05-14,1,4.0
U0044,P0074,6,2,2024-08-23,1,
U0044,P0098,1,1,2024-11-06,0,
U0045,P0021,1,1,2024-02-05,0,2.0
U0045,P0064,1,1,2024-07-06,0,
U0045,P0074,9,3,2024-10-13,1,3.0
U0046,P0021,1,1,2024-04-21,0,5.0
U0046,P0074,9,3,2024-07-05,1,1.5
U0047,P0021,1,1,2024-08-27,0,
U0047,P0074,9,3,2024-10-11,1,
U0048,P0021,9,3,2024-10-15,1,2.0
U0048,P0074,9,3,2024-11-07,1,
U0048,P0085,1,1,2024-11-06,0,
U0049,P0009,1,1,2024-11-19,0,3.0
U0049,P0021,1,1,2024-05-09,0,
U0049,P0074,9,3,2024-10-14,1,
U0050,P0021,1,1,2024-09-11,0,
U0050,P0032,3,1,2024-02-08,0,
U0050,P0074,9,3,2024-12-28,1,1.0
U0051,P0021,3,1,2024-11-16,0,
U0051,P0025,3,1,2024-01-22,0,
U0051,P0074,9,3,2024-07-24,1,2.6666666666666665
U0052,P0009,3,1,2024-10-31,0,4.0
U0052,P0021,3,1,2024-12-16,0,
U0052,P0025,1,1,2024-02-23,0,
U0052,P0074,9,3,2024-06-23,1,
U0053,P0021,3,1,2024-07-21,0,
U0053,P0074,9,3,2024-12-16,1,2.0
U0054,P0009,1,1,2024-01-23,0,
U0054,P0021,4,2,2024-11-08,0,4.0
U0054,P0025,1,1,2024-08-04,0,
U0054,P0074,9,3,2024-08-19,1,1.0
U0055,P0009,6,2,2024-10-02,1,
U0055,P0074,9,3,2024-12-17,1,5.0
U0055,P0155,5,1,2024-05-09,1,5.0
U0056,P0021,3,1,2024-06-23,0,
U0056,P0074,9,3,2024-09-25,1,
U0057,P0021,1,1,2024-02-10,0,
U0057,P0074,9,3,2024-09-19,1,1.5
U0058,P0009,6,2,2024-08-16,1,2.5
U0058,P0021,4,2,2024-11-15,0,5.0
U0058,P0070,1,1,2024-03-21,0,
U0058,P0074,4,2,2024-07-03,0,3.0
U0059,P0009,1,1,2024-06-04,0,4.0
U0059,P0021,3,1,2024-03-28,0,3.0
U0059,P0074,9,3,2024-12-02,1,4.0
U0059,P0188,5,1,2024-02-21,1,
U0060,P0021,1,1,2024-07-08,0,
U0060,P0052,1,1,2024-07-08,0,
U0060,P0074,4,2,2024-11-04,0,2.5
U0061,P0009,3,1,2024-07-26,0,
U0061,P0074,9,3,2024-12-07,1,2.0
U0062,P0009,3,1,2024-02-07,0,4.0
U0062,P0017,5,1,2024-07-30,1,
U0062,P0074,9,3,2024-05-28,1,
U0063,P0009,8,2,2024-09-12,1,2.0
U0063,P0074,9,3,2024-11-08,1,2.0
U0064,P0009,1,1,2024-11-29,0,
U0064,P0021,1,1,2024-03-18,0,2.0
U0064,P0052,1,1,2024-07-28,0,
U0064,P0074,4,2,2024-02-27,0,3.5
U0065,P0021,1,1,2024-04-08,0,
U0065,P0074,9,3,2024-11-28,1,3.0
U0066,P0021,1,1,2024-07-22,0,1.0
U0066,P0074,4,2,2024-10-31,0,
U0066,P0098,3,1,2024-04-09,0,
U0067,P0021,1,1,2024-02-13,0,
U0067,P0033,5,1,2024-03-26,1,
U0067,P0074,9,3,2024-10-01,1,3.0
U0068,P0032,1,1,2024-02-27,0,4.0
U0068,P0074,9,3,2024-04-15,1,4.0
U0069,P0074,9,3,2024-12-30,1,4.0
U0069,P0113,1,1,2024-02-11,0,
U0070,P0021,1,1,2024-03-31,0,
U0070,P0072,1,1,2024-10-05,0,1.0
U0070,P0074,9,3,2024-09-09,1,3.0
U0070,P0158,5,1,2024-04-20,1,5.0
U0070,P0183,3,1,2024-04-20,0,
U0071,P0021,1,1,2024-10-19,0,1.0
U0071,P0074,9,3,2024-09-14,1,1.0
U0072,P0021,4,2,2024-10-01,0,2.0
U0072,P0033,1,1,2024-08-19,0,
U0072,P0074,9,3,2024-12-10,1,4.0
U0073,P0021,9,3,2024-07-10,1,4.0
U0073,P0052,1,1,2024-10-15,0,
U0073,P0074,9,3,2024-10-23,1,1.5
U0074,P0009,1,1,2024-08-12,0,
U0074,P0025,1,1,2024-06-07,0,
U0074,P0074,9,3,2024-06-12,1,3.0
U0075,P0021,1,1,2024-02-23,0,
U0075,P0057,1,1,2024-05-11,0,2.0
U0075,P0072,1,1,2024-09-10,0,
U0075,P0074,9,3,2024-12-14,1,
U0076,P0074,9,3,2024-12-25,1,1.0
U0077,P0021,1,1,2024-07-15,0,3.0
U0077,P0037,3,1,2024-02-28,0,
U0077,P0074,9,3,2024-12-14,1,5.0
U0078,P0021,1,1,2024-03-12,0,5.0
U0078,P0074,9,3,2024-07-28,1,
U0079,P0009,5,1,2024-04-10,1,4.0
U0079,P0052,1,1,2024-09-09,0,3.0
U0079,P0074,9,3,2024-08-13,1,1.0
U0080,P0074,4,2,2024-07-13,0,3.0
U0081,P0021,1,1,2024-06-17,0,
U0081,P0025,1,1,2024-02-29,0,
U0081,P0074,9,3,2024-10-11,1,
U0082,P0021,1,1,2024-09-28,0,4.0
U0082,P0074,9,3,2024-08-14,1,5.0
U0083,P0009,3,1,2024-02-27,0,
U0083,P0021,1,1,2024-07-04,0,
U0083,P0025,1,1,2024-10-28,0,
U0083,P0074,9,3,2024-10-14,1,3.0
U0084,P0009,4,2,2024-11-11,0,
U0084,P0021,6,2,2024-10-12,1,1.0
U0084,P0074,9,3,2024-08-06,1,
U0085,P0021,1,1,2024-09-21,0,
U0085,P0074,9,3,2024-10-27,1,5.0
U0086,P0074,9,3,2024-05-13,1,1.5
U0087,P0074,9,3,2024-12-01,1,2.0
U0088,P0021,1,1,2024-11-28,0,
U0088,P0043,1,1,2024-04-30,0,
U0088,P0074,9,3,2024-11-22,1,3.0
U0089,P0009,1,1,2024-06-05,0,
U0089,P0074,9,3,2024-08-14,1,4.0
U0090,P0021,6,2,2024-10-13,1,
U0090,P0074,9,3,2024-12-30,1,3.0
U0090,P0114,1,1,2024-09-25,0,
U0091,P0021,1,1,2024-12-20,0,
U0091,P0074,9,3,2024-11-26,1,
U0092,P0009,1,1,2024-03-28,0,2.0
U0092,P0021,1,1,2024-10-10,0,1.0
U0092,P0074,9,3,2024-10-02,1,3.0
U0093,P0021,1,1,2024-04-30,0,5.0
U0093,P0064,1,1,2024-08-25,0,
U0093,P0072,1,1,2024-01-22,0,3.0
U0093,P0074,9,3,2024-11-17,1,4.0
U0094,P0009,5,1,2024-09-03,1,
U0094,P0074,9,3,2024-10-20,1,1.5
U0095,P0074,9,3,2024-11-02,1,4.0
U0096,P0009,5,1,2024-08-14,1,
U0096,P0021,1,1,2024-08-04,0,
U0096,P0074,9,3,2024-08-11,1,5.0
U0097,P0009,1,1,2024-09-01,0,5.0
U0097,P0021,4,2,2024-03-10,0,
U0097,P0074,9,3,2024-12-28,1,3.5
U0098,P0009,1,1,2024-06-11,0,
U0098,P0021,1,1,2024-03-14,0,
U0098,P0074,9,3,2024-11-13,1,1.0
U0099,P0009,5,1,2024-01-12,1,
U0099,P0021,9,3,2024-10-24,1,
U0099,P0074,9,3,2024-12-18,1,
U0099,P0085,1,1,2024-01-07,0,
U0100,P0009,1,1,2024-11-30,0,
U0100,P0021,3,1,2024-10-26,0,4.0
U0100,P0072,1,1,2024-10-01,0,1.0
U0100,P0074,9,3,2024-06-05,1,
U0101,P0021,1,1,2024-06-20,0,4.0
U0101,P0074,9,3,2024-12-14,1,
U0102,P0021,5,1,2024-01-17,1,
U0102,P0074,9,3,2024-11-14,1,1.5
U0103,P0009,1,1,2024-09-06,0,
U0103,P0074,9,3,2024-09-30,1,3.5
U0104,P0009,1,1,2024-08-20,0,3.0
U0104,P0021,1,1,2024-10-04,0,
U0104,P0074,6,2,2024-11-28,1,5.0
U0104,P0085,1,1,2024-02-28,0,
U0105,P0009,1,1,2024-02-03,0,
U0105,P0021,1,1,2024-09-14,0,
U0105,P0074,9,3,2024-09-28,1,3.5
U0106,P0025,1,1,2024-01-10,0,1.0
U0106,P0043,5,1,2024-12-02,1,
U0106,P0074,9,3,2024-11-14,1,5.0
U0107,P0021,1,1,2024-06-28,0,4.0
U0107,P0074,9,3,2024-02-14,1,3.0
U0108,P0009,1,1,2024-08-12,0,
U0108,P0052,5,1,2024-04-03,1,3.0
U0108,P0074,4,2,2024-11-26,0,
U0109,P0021,1,1,2024-02-06,0,
U0109,P0072,5,1,2024-05-28,1,
U0109,P0074,9,3,2024-11-20,1,3.0
U0110,P0021,3,1,2024-07-04,0,
U0110,P0022,1,1,2024-04-01,0,
U0110,P0074,9,3,2024-11-24,1,3.5
U0111,P0009,8,2,2024-06-01,1,3.0
U0111,P0061,3,1,2024-04-17,0,2.0
U0111,P0074,9,3,2024-09-14,1,2.5
U0112,P0021,4,2,2024-07-08,0,4.0
U0112,P0064,3,1,2024-10-02,0,
U0112,P0074,4,2,2024-10-14,0,
U0113,P0021,1,1,2024-07-08,0,4.0
U0113,P0072,1,1,2024-10-24,0,
U0113,P0074,9,3,2024-11-23,1,
U0113,P0103,1,1,2024-10-29,0,4.0
U0114,P0009,3,1,2024-03-27,0,4.0
U0114,P0057,1,1,2024-05-08,0,
U0114,P0074,6,2,2024-07-31,1,
U0115,P0021,5,1,2024-06-17,1,
U0115,P0074,4,2,2024-12-25,0,3.0
U0116,P0009,1,1,2024-08-03,0,1.0
U0116,P0021,1,1,2024-04-29,0,2.0
U0116,P0074,9,3,2024-07-22,1,4.5
U0117,P0021,1,1,2024-11-11,0,
U0117,P0074,9,3,2024-09-27,1,3.0
U0118,P0009,3,1,2024-05-13,0,2.0
U0118,P0043,1,1,2024-08-13,0,3.0
U0118,P0074,9,3,2024-09-13,1,1.0
U0119,P0009,1,1,2024-06-14,0,3.0
U0119,P0021,6,2,2024-12-24,1,4.0
U0119,P0074,9,3,2024-12-01,1,2.5
U0120,P0021,1,1,2024-04-15,0,
U0120,P0052,1,1,2024-04-29,0,2.0
U0120,P0074,6,2,2024-12-06,1,2.0
U0121,P0021,1,1,2024-03-28,0,2.0
U0121,P0072,1,1,2024-02-04,0,
U0121,P0074,4,2,2024-05-23,0,3.0
U0122,P0021,4,2,2024-11-21,0,
U0122,P0052,3,1,2024-05-01,0,
U0122,P0074,4,2,2024-12-09,0,5.0
U0123,P0021,1,1,2024-06-06,0,1.0
U0123,P0074,9,3,2024-12-29,1,
U0124,P0021,6,2,2024-03-07,1,2.0
U0124,P0074,9,3,2024-12-14,1,5.0
U0125,P0009,1,1,2024-11-18,0,2.0
U0125,P0052,1,1,2024-02-02,0,
U0125,P0074,9,3,2024-07-14,1,
U0125,P0148,3,1,2024-08-21,0,1.0
U0126,P0009,3,1,2024-04-28,0,2.0
U0126,P0021,1,1,2024-05-02,0,5.0
U0126,P0032,1,1,2024-10-21,0,
U0126,P0074,1,1,2024-05-02,0,
U0127,P0021,1,1,2024-01-10,0,1.0
U0127,P0025,1,1,2024-04-23,0,2.0
U0127,P0074,9,3,2024-08-28,1,4.0
U0127,P0156,1,1,2024-01-30,0,5.0
U0128,P0021,5,1,2024-12-16,1,
U0128,P0025,5,1,2024-12-11,1,
U0128,P0074,9,3,2024-07-25,1,2.5
U0129,P0009,1,1,2024-03-17,0,
U0129,P0021,6,2,2024-08-14,1,2.0
U0129,P0074,9,3,2024-11-13,1,
U0130,P0009,5,1,2024-04-27,1,
U0130,P0021,1,1,2024-03-31,0,4.0
U0130,P0074,9,3,2024-11-19,1,5.0
U0130,P0085,3,1,2024-06-22,0,
U0130,P0143,1,1,2024-05-10,0,2.0
U0131,P0021,8,2,2024-08-25,1,4.0
U0131,P0074,9,3,2024-08-14,1,3.0
U0132,P0074,9,3,2024-12-06,1,2.0
U0132,P0146,5,1,2024-11-16,1,
U0133,P0009,5,1,2024-10-18,1,
U0133,P0021,6,2,2024-06-02,1,
U0133,P0074,6,2,2024-04-21,1,
U0134,P0021,9,3,2024-10-13,1,2.0
U0134,P0064,1,1,2024-01-18,0,
U0134,P0074,4,2,2024-12-25,0,3.0
U0135,P0021,1,1,2024-09-18,0,
U0135,P0074,1,1,2024-01-28,0,
U0136,P0009,5,1,2024-08-15,1,
U0136,P0021,5,1,2024-12-21,1,5.0
U0136,P0037,1,1,2024-12-13,0,2.0
U0136,P0052,1,1,2024-01-09,0,
U0136,P0074,4,2,2024-12-20,0,
U0137,P0021,1,1,2024-03-18,0,
U0137,P0074,1,1,2024-05-27,0,
U0137,P0077,3,1,2024-03-28,0,2.0
U0138,P0025,1,1,2024-07-21,0,
U0138,P0074,9,3,2024-08-11,1,2.5
U0138,P0183,1,1,2024-12-18,0,
U0139,P0009,1,1,2024-10-18,0,
U0139,P0021,1,1,2024-04-28,0,2.0
U0139,P0074,9,3,2024-12-29,1,2.0
U0140,P0021,1,1,2024-07-04,0,
U0140,P0074,9,3,2024-10-21,1,
U0141,P0009,3,1,2024-12-10,0,
U0141,P0021,5,1,2024-03-09,1,5.0
U0141,P0057,3,1,2024-06-01,0,5.0
U0141,P0074,9,3,2024-08-17,1,3.0
U0142,P0052,5,1,2024-02-08,1,
U0142,P0074,9,3,2024-10-20,1,
U0143,P0009,1,1,2024-09-14,0,
U0143,P0021,3,1,2024-07-04,0,
U0143,P0074,9,3,2024-10-22,1,
U0143,P0089,1,1,2024-03-19,0,
U0144,P0009,1,1,2024-01-03,0,1.0
U0144,P0021,4,2,2024-08-31,0,5.0
U0144,P0074,4,2,2024-07-23,0,3.0
U0145,P0009,1,1,2024-12-27,0,
U0145,P0021,1,1,2024-12-28,0,
U0145,P0074,9,3,2024-07-22,1,
U0146,P0021,4,2,2024-07-11,0,1.0
U0146,P0052,3,1,2024-09-20,0,
U0146,P0074,4,2,2024-11-04,0,5.0
U0147,P0074,4,2,2024-12-08,0,2.0
U0148,P0009,1,1,2024-06-18,0,1.0
U0148,P0021,9,3,2024-12-28,1,
U0148,P0074,9,3,2024-12-30,1,1.0
U0149,P0074,9,3,2024-06-04,1,
U0150,P0021,4,2,2024-12-03,0,1.0
U0150,P0043,3,1,2024-01-05,0,
U0150,P0074,9,3,2024-09-04,1,2.0
U0150,P0121,1,1,2024-06-28,0,2.0
U0151,P0009,1,1,2024-11-17,0,
U0151,P0021,6,2,2024-12-05,1,
U0151,P0025,1,1,2024-11-16,0,
U0151,P0074,9,3,2024-12-14,1,3.0
U0152,P0021,6,2,2024-12-27,1,3.0
U0152,P0025,1,1,2024-09-03,0,5.0
U0152,P0074,4,2,2024-12-26,0,4.0
U0153,P0021,3,1,2024-02-23,0,
U0153,P0057,1,1,2024-01-19,0,
U0153,P0074,9,3,2024-09-15,1,
U0154,P0009,1,1,2024-09-26,0,5.0
U0154,P0021,6,2,2024-06-26,1,1.0
U0154,P0074,9,3,2024-05-05,1,3.0
U0154,P0085,3,1,2024-11-01,0,1.0
U0155,P0021,1,1,2024-04-09,0,2.0
U0155,P0022,3,1,2024-06-26,0,
U0155,P0074,1,1,2024-11-21,0,4.0
U0156,P0021,6,2,2024-11-04,1,1.0
U0156,P0025,1,1,2024-03-28,0,
U0156,P0074,9,3,2024-06-15,1,2.5
U0157,P0021,1,1,2024-11-25,0,
U0157,P0052,1,1,2024-07-30,0,4.0
U0157,P0074,9,3,2024-05-28,1,5.0
U0158,P0009,1,1,2024-08-28,0,3.0
U0158,P0021,6,2,2024-04-16,1,3.0
U0158,P0074,9,3,2024-07-14,1,4.0
U0159,P0009,4,2,2024-07-19,0,
U0159,P0021,1,1,2024-01-23,0,
U0159,P0074,4,2,2024-11-30,0,2.5
U0160,P0064,1,1,2024-06-08,0,
U0160,P0074,9,3,2024-04-08,1,5.0
U0161,P0021,5,1,2024-10-26,1,
U0161,P0074,9,3,2024-12-01,1,
U0162,P0009,1,1,2024-10-14,0,2.0
U0162,P0021,1,1,2024-11-23,0,
U0162,P0043,1,1,2024-11-08,0,
U0162,P0074,9,3,2024-08-25,1,
U0163,P0074,9,3,2024-10-17,1,5.0
U0164,P0021,4,2,2024-09-08,0,1.0
U0164,P0025,3,1,2024-01-04,0,5.0
U0164,P0054,1,1,2024-05-19,0,
U0164,P0074,9,3,2024-08-13,1,4.0
U0165,P0021,1,1,2024-03-15,0,
U0165,P0074,9,3,2024-12-28,1,3.0
U0166,P0009,1,1,2024-12-08,0,
U0166,P0021,1,1,2024-07-17,0,
U0166,P0074,9,3,2024-11-30,1,
U0167,P0009,1,1,2024-09-13,0,1.0
U0167,P0021,1,1,2024-11-25,0,
U0167,P0074,9,3,2024-06-15,1,
U0168,P0074,9,3,2024-10-31,1,3.0
U0169,P0021,1,1,2024-09-09,0,4.0
U0169,P0074,9,3,2024-10-28,1,3.0
U0170,P0072,1,1,2024-10-14,0,
U0170,P0074,4,2,2024-10-16,0,
U0170,P0076,5,1,2024-02-28,1,
U0170,P0148,1,1,2024-12-10,0,4.0
U0171,P0009,1,1,2024-06-12,0,
U0171,P0021,6,2,2024-10-08,1,
U0171,P0059,1,1,2024-07-02,0,
U0171,P0074,9,3,2024-12-18,1,
U0172,P0021,4,2,2024-10-19,0,
U0172,P0074,9,3,2024-11-07,1,4.0
U0173,P0009,1,1,2024-03-18,0,
U0173,P0021,1,1,2024-07-15,0,
U0173,P0074,9,3,2024-11-22,1,3.0
U0174,P0009,1,1,2024-11-10,0,2.0
U0174,P0074,9,3,2024-12-24,1,4.0
U0175,P0072,3,1,2024-01-04,0,4.0
U0175,P0074,9,3,2024-12-08,1,3.0
U0176,P0074,4,2,2024-10-18,0,4.0
U0177,P0009,1,1,2024-07-31,0,
U0177,P0021,6,2,2024-06-11,1,1.0
U0177,P0032,1,1,2024-03-30,0,
U0177,P0038,3,1,2024-02-25,0,
U0177,P0074,9,3,2024-09-03,1,4.0
U0178,P0074,9,3,2024-10-08,1,
U0179,P0009,1,1,2024-12-06,0,
U0179,P0021,5,1,2024-01-01,1,
U0179,P0074,9,3,2024-10-22,1,3.5
U0179,P0114,5,1,2024-11-14,1,
U0180,P0009,5,1,2024-11-22,1,
U0180,P0025,1,1,2024-10-16,0,3.0
U0180,P0074,9,3,2024-12-20,1,2.3333333333333335
U0180,P0194,1,1,2024-06-13,0,
U0181,P0009,4,2,2024-10-07,0,
U0181,P0021,9,3,2024-12-14,1,1.5
U0181,P0074,9,3,2024-11-07,1,
U0182,P0025,3,1,2024-03-16,0,
U0182,P0074,9,3,2024-09-20,1,
U0182,P0085,1,1,2024-02-14,0,
U0183,P0021,1,1,2024-02-25,0,
U0183,P0074,9,3,2024-07-17,1,
U0183,P0114,5,1,2024-02-02,1,3.0
U0184,P0021,6,2,2024-07-04,1,2.0
U0184,P0074,1,1,2024-01-22,0,3.0
U0185,P0009,1,1,2024-09-22,0,
U0185,P0074,4,2,2024-11-25,0,
U0186,P0074,9,3,2024-09-13,1,5.0
U0187,P0021,4,2,2024-03-21,0,
U0187,P0074,9,3,2024-12-10,1,5.0
U0188,P0009,1,1,2024-07-17,0,
U0188,P0021,1,1,2024-09-03,0,
U0188,P0074,9,3,2024-12-11,1,
U0188,P0195,3,1,2024-06-26,0,
U0189,P0009,5,1,2024-08-11,1,
U0189,P0037,3,1,2024-05-21,0,3.0
U0189,P0074,9,3,2024-04-15,1,3.0
U0190,P0009,1,1,2024-06-13,0,
U0190,P0021,3,1,2024-03-10,0,
U0190,P0072,1,1,2024-11-25,0,
U0190,P0074,9,3,2024-10-02,1,2.0
U0190,P0183,1,1,2024-09-19,0,3.0
U0191,P0009,1,1,2024-01-13,0,
U0191,P0021,4,2,2024-06-12,0,1.0
U0191,P0074,9,3,2024-07-05,1,4.0
U0192,P0009,3,1,2024-02-12,0,
U0192,P0021,4,2,2024-04-16,0,
U0192,P0064,1,1,2024-05-26,0,
U0192,P0074,9,3,2024-09-18,1,
U0192,P0186,5,1,2024-05-01,1,
U0193,P0074,9,3,2024-10-17,1,2.0
U0194,P0074,9,3,2024-08-28,1,1.0
U0195,P0021,1,1,2024-04-20,0,
U0195,P0074,4,2,2024-08-03,0,4.0
U0195,P0146,1,1,2024-09-09,0,
U0196,P0009,1,1,2024-09-13,0,
U0196,P0021,1,1,2024-12-06,0,
U0196,P0052,1,1,2024-08-08,0,2.0
U0196,P0074,9,3,2024-10-06,1,3.0
U0196,P0120,1,1,2024-07-15,0,
U0197,P0074,9,3,2024-08-30,1,1.0
U0198,P0021,3,1,2024-05-28,0,
U0198,P0074,9,3,2024-06-30,1,
U0199,P0009,1,1,2024-09-08,0,
U0199,P0021,1,1,2024-04-03,0,
U0199,P0074,9,3,2024-10-10,1,1.0
U0200,P0021,3,1,2024-10-03,0,
U0200,P0025,1,1,2024-07-24,0,
U0200,P0074,9,3,2024-11-05,1,
U0201,P0021,6,2,2024-11-29,1,2.0
U0201,P0072,1,1,2024-05-14,0,1.0
U0201,P0074,9,3,2024-09-23,1,5.0
U0202,P0009,6,2,2024-10-21,1,2.0
U0202,P0074,6,2,2024-10-06,1,
U0203,P0009,1,1,2024-08-19,0,
U0203,P0021,1,1,2024-06-12,0,
U0203,P0052,1,1,2024-05-29,0,
U0203,P0074,9,3,2024-10-23,1,3.5
U0204,P0009,1,1,2024-11-30,0,
U0204,P0074,9,3,2024-07-23,1,
U0205,P0021,1,1,2024-04-23,0,2.0
U0205,P0074,9,3,2024-10-18,1,1.5
U0206,P0021,4,2,2024-09-03,0,
U0206,P0074,9,3,2024-05-29,1,1.0
U0207,P0009,5,1,2024-07-19,1,
U0207,P0021,1,1,2024-12-02,0,
U0207,P0064,3,1,2024-11-09,0,
U0207,P0074,9,3,2024-10-07,1,4.0
U0208,P0007,1,1,2024-02-22,0,
U0208,P0021,1,1,2024-10-04,0,
U0208,P0074,9,3,2024-10-06,1,2.5
U0209,P0009,1,1,2024-09-30,0,
U0209,P0072,4,2,2024-08-27,0,3.0
U0209,P0074,9,3,2024-04-30,1,3.5
U0210,P0021,5,1,2024-07-04,1,
U0210,P0074,9,3,2024-08-22,1,2.0
U0211,P0021,3,1,2024-01-27,0,
U0211,P0074,6,2,2024-08-13,1,3.0
U0212,P0021,5,1,2024-05-14,1,
U0212,P0074,4,2,2024-11-05,0,3.0
U0213,P0009,1,1,2024-02-08,0,
U0213,P0021,6,2,2024-10-31,1,1.0
U0213,P0074,9,3,2024-11-20,1,
U0213,P0085,3,1,2024-05-09,0,2.0
U0214,P0021,4,2,2024-10-04,0,1.0
U0214,P0074,9,3,2024-10-18,1,4.0
U0214,P0114,5,1,2024-02-26,1,
U0215,P0025,1,1,2024-08-04,0,2.0
U0215,P0074,9,3,2024-12-19,1,
U0216,P0072,1,1,2024-08-08,0,1.0
U0216,P0074,9,3,2024-11-07,1,3.0
U0216,P0077,3,1,2024-03-10,0,
U0216,P0121,1,1,2024-06-13,0,3.0
U0217,P0021,1,1,2024-02-29,0,4.0
U0217,P0057,3,1,2024-03-26,0,3.0
U0217,P0074,6,2,2024-07-20,1,1.0
U0218,P0074,9,3,2024-05-26,1,3.0
U0219,P0009,1,1,2024-09-23,0,
U0219,P0021,1,1,2024-02-06,0,4.0
U0219,P0025,3,1,2024-10-17,0,4.0
U0219,P0074,9,3,2024-10-31,1,3.0
U0220,P0009,3,1,2024-02-05,0,4.0
U0220,P0021,1,1,2024-09-16,0,2.0
U0220,P0074,9,3,2024-12-19,1,3.5
U0221,P0009,4,2,2024-08-22,0,3.0
U0221,P0052,1,1,2024-07-22,0,
U0221,P0074,9,3,2024-12-24,1,3.5
U0221,P0170,1,1,2024-01-09,0,
U0222,P0009,1,1,2024-01-27,0,
U0222,P0021,1,1,2024-11-25,0,
U0222,P0074,9,3,2024-08-08,1,3.5
U0223,P0021,1,1,2024-01-08,0,1.0
U0223,P0074,9,3,2024-08-17,1,5.0
U0224,P0007,1,1,2024-10-20,0,
U0224,P0009,1,1,2024-01-22,0,4.0
U0224,P0021,1,1,2024-11-16,0,
U0224,P0074,9,3,2024-12-02,1,
U0225,P0021,1,1,2024-03-17,0,
U0225,P0074,9,3,2024-10-18,1,1.0
U0226,P0009,1,1,2024-09-23,0,2.0
U0226,P0021,6,2,2024-11-12,1,
U0226,P0025,3,1,2024-08-12,0,
U0226,P0074,9,3,2024-12-16,1,3.5
U0227,P0009,1,1,2024-01-14,0,
U0227,P0021,1,1,2024-07-08,0,2.0
U0227,P0074,9,3,2024-11-30,1,
U0228,P0009,6,2,2024-12-29,1,2.0
U0228,P0021,1,1,2024-07-01,0,
U0228,P0074,9,3,2024-11-09,1,
U0229,P0021,1,1,2024-01-08,0,
U0229,P0025,6,2,2024-05-22,1,3.0
U0229,P0074,9,3,2024-07-14,1,1.0
U0230,P0009,4,2,2024-03-08,0,4.0
U0230,P0021,1,1,2024-11-25,0,
U0230,P0074,9,3,2024-06-10,1,5.0
U0231,P0021,1,1,2024-01-18,0,5.0
U0231,P0074,9,3,2024-08-17,1,3.0
U0232,P0021,1,1,2024-03-16,0,1.0
U0232,P0072,3,1,2024-04-25,0,5.0
U0232,P0074,9,3,2024-11-08,1,
U0233,P0009,3,1,2024-06-26,0,
U0233,P0021,1,1,2024-01-11,0,
U0233,P0074,9,3,2024-05-28,1,1.0
U0234,P0009,5,1,2024-10-12,1,
U0234,P0021,1,1,2024-12-04,0,
U0234,P0074,9,3,2024-08-12,1,2.5
U0235,P0021,1,1,2024-03-13,0,
U0235,P0025,1,1,2024-05-30,0,
U0235,P0074,9,3,2024-06-17,1,3.5
U0236,P0021,1,1,2024-04-18,0,
U0236,P0025,1,1,2024-05-30,0,3.0
U0236,P0032,5,1,2024-05-11,1,
U0236,P0072,3,1,2024-03-07,0,
U0236,P0074,9,3,2024-08-06,1,5.0
U0237,P0074,9,3,2024-10-10,1,
U0238,P0021,4,2,2024-12-06,0,5.0
U0238,P0052,1,1,2024-09-20,0,
U0238,P0074,9,3,2024-03-10,1,5.0
U0239,P0021,1,1,2024-03-20,0,
U0239,P0074,9,3,2024-11-09,1,3.5
U0239,P0085,1,1,2024-03-09,0,5.0
U0240,P0074,4,2,2024-08-02,0,
U0240,P0146,1,1,2024-06-10,0,
U0241,P0021,1,1,2024-04-05,0,4.0
U0241,P0074,6,2,2024-06-17,1,5.0
U0242,P0021,9,3,2024-05-07,1,4.0
U0242,P0074,9,3,2024-10-01,1,3.0
U0243,P0009,1,1,2024-01-16,0,
U0243,P0021,3,1,2024-11-14,0,2.0
U0243,P0074,9,3,2024-09-28,1,1.0
U0244,P0009,3,1,2024-01-10,0,
U0244,P0021,1,1,2024-10-11,0,
U0244,P0074,4,2,2024-09-21,0,3.0
U0245,P0009,5,1,2024-08-31,1,
U0245,P0021,5,1,2024-01-17,1,4.0
U0245,P0072,1,1,2024-12-30,0,
U0245,P0074,9,3,2024-10-30,1,4.0
U0246,P0009,1,1,2024-01-13,0,
U0246,P0021,6,2,2024-11-29,1,5.0
U0246,P0074,9,3,2024-06-21,1,3.5
U0247,P0009,5,1,2024-02-14,1,2.0
U0247,P0074,9,3,2024-10-06,1,2.0
U0248,P0021,1,1,2024-03-06,0,
U0248,P0074,9,3,2024-04-11,1,
U0249,P0021,1,1,2024-04-19,0,
U0249,P0074,9,3,2024-11-27,1,
U0250,P0009,1,1,2024-01-17,0,
U0250,P0021,5,1,2024-10-26,1,
U0250,P0074,9,3,2024-10-29,1,
U0251,P0021,1,1,2024-10-12,0,
U0251,P0074,4,2,2024-06-16,0,
U0252,P0074,9,3,2024-03-19,1,1.0
U0253,P0021,3,1,2024-07-01,0,3.0
U0253,P0074,9,3,2024-10-28,1,3.5
U0253,P0114,1,1,2024-01-18,0,
U0254,P0021,1,1,2024-07-26,0,2.0
U0254,P0074,4,2,2024-05-26,0,
U0255,P0074,9,3,2024-08-18,1,1.0
U0255,P0117,3,1,2024-04-25,0,
U0256,P0009,1,1,2024-03-22,0,
U0256,P0021,3,1,2024-04-02,0,
U0256,P0074,9,3,2024-09-14,1,
U0257,P0025,1,1,2024-05-12,0,
U0257,P0074,4,2,2024-12-28,0,3.0
U0258,P0021,1,1,2024-01-02,0,
U0258,P0074,9,3,2024-12-10,1,5.0
U0259,P0074,9,3,2024-12-20,1,2.0
U0259,P0195,1,1,2024-06-13,0,
U0260,P0009,4,2,2024-07-16,0,5.0
U0260,P0021,1,1,2024-06-16,0,2.0
U0260,P0074,9,3,2024-11-19,1,4.0
U0261,P0021,4,2,2024-12-03,0,2.5
U0261,P0074,6,2,2024-12-02,1,
U0262,P0009,6,2,2024-08-28,1,
U0262,P0021,4,2,2024-02-08,0,2.0
U0262,P0025,3,1,2024-05-25,0,
U0262,P0074,9,3,2024-12-22,1,1.0
U0263,P0021,1,1,2024-01-16,0,1.0
U0263,P0074,9,3,2024-05-20,1,
U0263,P0183,3,1,2024-11-22,0,
U0264,P0074,9,3,2024-06-18,1,
U0264,P0098,3,1,2024-06-09,0,5.0
U0264,P0121,1,1,2024-09-19,0,
U0265,P0021,1,1,2024-02-29,0,
U0265,P0074,9,3,2024-12-14,1,
U0266,P0021,1,1,2024-09-28,0,5.0
U0266,P0074,9,3,2024-10-27,1,
U0267,P0021,1,1,2024-12-14,0,
U0267,P0052,1,1,2024-11-01,0,4.0
U0267,P0074,9,3,2024-10-04,1,1.6666666666666667
U0268,P0021,1,1,2024-04-13,0,
U0268,P0074,6,2,2024-05-07,1,1.0
U0269,P0021,4,2,2024-09-22,0,1.0
U0269,P0074,9,3,2024-12-05,1,5.0
U0270,P0074,9,3,2024-10-05,1,
U0270,P0146,1,1,2024-08-07,0,
U0271,P0074,9,3,2024-08-23,1,3.0
U0271,P0153,1,1,2024-12-02,0,
U0272,P0021,1,1,2024-02-19,0,
U0272,P0074,9,3,2024-12-20,1,1.6666666666666667
U0273,P0009,1,1,2024-03-14,0,4.0
U0273,P0021,8,2,2024-12-16,1,5.0
U0273,P0074,9,3,2024-11-01,1,
U0273,P0110,1,1,2024-04-27,0,5.0
U0274,P0074,9,3,2024-11-28,1,
U0275,P0021,6,2,2024-09-28,1,
U0275,P0071,5,1,2024-07-04,1,
U0275,P0074,4,2,2024-12-12,0,
U0276,P0009,6,2,2024-12-02,1,2.5
U0276,P0021,1,1,2024-10-02,0,3.0
U0276,P0074,9,3,2024-06-11,1,3.0
U0277,P0021,1,1,2024-03-21,0,
U0277,P0074,9,3,2024-11-22,1,3.0
U0278,P0009,3,1,2024-08-24,0,
U0278,P0021,8,2,2024-08-14,1,
U0278,P0050,1,1,2024-06-05,0,
U0278,P0074,9,3,2024-12-23,1,4.5
U0279,P0009,1,1,2024-03-03,0,
U0279,P0021,4,2,2024-07-13,0,
U0279,P0074,9,3,2024-12-23,1,4.0
U0280,P0074,9,3,2024-11-10,1,4.0
U0281,P0021,4,2,2024-12-29,0,
U0281,P0074,9,3,2024-12-07,1,5.0
U0282,P0025,3,1,2024-09-13,0,
U0282,P0074,9,3,2024-09-04,1,5.0
U0283,P0021,4,2,2024-06-13,0,
U0283,P0059,1,1,2024-08-14,0,
U0283,P0074,9,3,2024-09-28,1,1.5
U0284,P0009,1,1,2024-01-01,0,
U0284,P0021,3,1,2024-03-28,0,1.0
U0284,P0074,9,3,2024-10-22,1,
U0285,P0021,1,1,2024-03-21,0,3.0
U0285,P0074,9,3,2024-12-28,1,5.0
U0285,P0114,1,1,2024-07-06,0,3.0
U0286,P0021,6,2,2024-09-25,1,3.0
U0286,P0074,6,2,2024-01-17,1,5.0
U0287,P0009,6,2,2024-11-24,1,2.5
U0287,P0021,5,1,2024-02-01,1,
U0287,P0064,1,1,2024-12-19,0,1.0
U0287,P0074,9,3,2024-10-15,1,4.0
U0288,P0009,1,1,2024-03-16,0,
U0288,P0021,4,2,2024-08-17,0,5.0
U0288,P0052,1,1,2024-09-10,0,4.0
U0288,P0074,9,3,2024-10-13,1,4.0
U0288,P0114,1,1,2024-07-25,0,4.0
U0289,P0074,9,3,2024-12-24,1,
U0290,P0021,4,2,2024-05-10,0,2.0
U0290,P0074,9,3,2024-12-08,1,
U0290,P0114,1,1,2024-12-03,0,
U0291,P0021,1,1,2024-11-13,0,
U0291,P0025,1,1,2024-03-11,0,
U0291,P0074,9,3,2024-11-14,1,
U0291,P0077,1,1,2024-05-17,0,
U0292,P0021,1,1,2024-02-25,0,2.0
U0292,P0074,9,3,2024-09-04,1,
U0292,P0085,3,1,2024-09-08,0,
U0293,P0009,6,2,2024-05-21,1,1.0
U0293,P0074,9,3,2024-11-26,1,3.6666666666666665
U0294,P0021,6,2,2024-11-23,1,2.0
U0294,P0037,1,1,2024-01-23,0,
U0294,P0074,9,3,2024-11-10,1,2.0
U0295,P0074,9,3,2024-12-27,1,1.0
U0295,P0077,1,1,2024-02-01,0,1.0
U0296,P0009,1,1,2024-03-30,0,2.0
U0296,P0021,1,1,2024-03-05,0,3.0
U0296,P0074,9,3,2024-12-01,1,4.0
U0297,P0009,3,1,2024-09-16,0,
U0297,P0072,1,1,2024-09-22,0,
U0297,P0074,6,2,2024-11-12,1,
U0298,P0032,1,1,2024-04-30,0,
U0298,P0072,3,1,2024-09-21,0,
U0298,P0074,9,3,2024-10-03,1,
U0299,P0009,1,1,2024-10-01,0,
U0299,P0021,1,1,2024-10-16,0,
U0299,P0074,9,3,2024-12-02,1,
U0300,P0072,3,1,2024-12-29,0,
U0300,P0074,9,3,2024-09-08,1,1.0
U0301,P0021,3,1,2024-12-15,0,
U0301,P0074,4,2,2024-04-27,0,4.0
U0302,P0021,1,1,2024-09-10,0,2.0
U0302,P0038,1,1,2024-09-11,0,
U0302,P0074,9,3,2024-08-14,1,1.0
U0302,P0146,3,1,2024-12-11,0,2.0
U0303,P0009,1,1,2024-05-20,0,
U0303,P0021,3,1,2024-04-16,0,
U0303,P0074,9,3,2024-08-20,1,3.0
U0304,P0021,1,1,2024-12-19,0,
U0304,P0074,9,3,2024-07-17,1,1.0
U0305,P0021,4,2,2024-10-26,0,3.0
U0305,P0074,9,3,2024-10-07,1,4.333333333333333
U0306,P0009,1,1,2024-02-02,0,
U0306,P0021,1,1,2024-12-22,0,
U0306,P0052,5,1,2024-02-19,1,
U0306,P0074,6,2,2024-04-15,1,2.0
U0307,P0074,9,3,2024-08-11,1,2.0
U0308,P0021,1,1,2024-03-11,0,
U0308,P0052,1,1,2024-04-28,0,3.0
U0308,P0074,9,3,2024-09-16,1,3.0
U0308,P0085,3,1,2024-08-16,0,
U0309,P0009,1,1,2024-01-21,0,
U0309,P0021,1,1,2024-09-07,0,2.0
U0309,P0033,1,1,2024-04-30,0,1.0
U0309,P0074,9,3,2024-05-18,1,
U0310,P0009,1,1,2024-07-30,0,
U0310,P0021,4,2,2024-12-17,0,2.0
U0310,P0074,9,3,2024-11-29,1,
U0311,P0021,5,1,2024-04-04,1,
U0311,P0074,6,2,2024-12-27,1,
U0311,P0143,3,1,2024-06-03,0,3.0
U0312,P0009,5,1,2024-09-28,1,
U0312,P0021,5,1,2024-07-12,1,
U0312,P0074,4,2,2024-05-11,0,4.0
U0313,P0021,4,2,2024-11-14,0,
U0313,P0074,9,3,2024-09-17,1,2.0
U0314,P0009,8,2,2024-12-17,1,
U0314,P0021,3,1,2024-04-25,0,2.0
U0314,P0044,1,1,2024-05-31,0,
U0314,P0074,9,3,2024-12-27,1,3.0
U0315,P0074,9,3,2024-11-27,1,
U0316,P0009,9,3,2024-11-24,1,4.0
U0316,P0021,1,1,2024-07-11,0,
U0316,P0074,4,2,2024-10-11,0,2.0
U0317,P0072,1,1,2024-06-04,0,
U0317,P0074,9,3,2024-12-20,1,4.0
U0318,P0009,3,1,2024-12-07,0,
U0318,P0021,1,1,2024-06-24,0,
U0318,P0074,9,3,2024-11-04,1,4.0
U0318,P0183,5,1,2024-01-01,1,
U0319,P0021,9,3,2024-08-28,1,
U0319,P0074,4,2,2024-11-19,0,
U0320,P0009,1,1,2024-07-09,0,1.0
U0320,P0074,9,3,2024-08-19,1,4.0
U0320,P0085,5,1,2024-07-13,1,
U0321,P0009,3,1,2024-03-02,0,3.0
U0321,P0074,9,3,2024-10-23,1,
U0321,P0098,3,1,2024-03-23,0,
U0321,P0149,1,1,2024-09-03,0,5.0
U0322,P0021,5,1,2024-12-19,1,4.0
U0322,P0074,9,3,2024-12-13,1,
U0323,P0021,1,1,2024-11-15,0,
U0323,P0074,9,3,2024-10-31,1,2.0
U0324,P0021,1,1,2024-01-30,0,4.0
U0324,P0074,9,3,2024-08-17,1,5.0
U0325,P0009,1,1,2024-10-06,0,
U0325,P0021,1,1,2024-05-21,0,4.0
U0325,P0064,3,1,2024-12-24,0,
U0325,P0074,9,3,2024-12-27,1,
U0326,P0009,1,1,2024-12-06,0,
U0326,P0021,4,2,2024-11-03,0,3.5
U0326,P0049,5,1,2024-06-26,1,
U0326,P0074,9,3,2024-10-11,1,1.0
U0327,P0009,1,1,2024-04-11,0,
U0327,P0021,1,1,2024-10-18,0,
U0327,P0074,9,3,2024-12-19,1,4.5
U0328,P0009,1,1,2024-09-24,0,5.0
U0328,P0021,1,1,2024-01-20,0,
U0328,P0025,1,1,2024-08-24,0,3.0
U0328,P0074,9,3,2024-10-01,1,5.0
U0329,P0074,9,3,2024-08-19,1,
U0330,P0025,1,1,2024-10-31,0,4.0
U0330,P0072,1,1,2024-05-03,0,2.0
U0330,P0074,9,3,2024-09-19,1,
U0331,P0021,6,2,2024-06-22,1,
U0331,P0074,9,3,2024-12-28,1,3.0
U0332,P0009,1,1,2024-08-22,0,
U0332,P0021,8,2,2024-04-04,1,5.0
U0332,P0074,4,2,2024-10-05,0,
U0333,P0021,3,1,2024-06-19,0,
U0333,P0074,9,3,2024-05-14,1,
U0334,P0021,6,2,2024-10-12,1,4.0
U0334,P0050,1,1,2024-11-02,0,4.0
U0334,P0074,9,3,2024-08-31,1,1.0
U0334,P0114,1,1,2024-04-07,0,
U0335,P0009,1,1,2024-09-07,0,4.0
U0335,P0021,6,2,2024-05-31,1,1.0
U0335,P0074,9,3,2024-07-10,1,3.3333333333333335
U0336,P0021,4,2,2024-10-01,0,
U0336,P0025,1,1,2024-03-25,0,1.0
U0336,P0074,9,3,2024-11-02,1,
U0337,P0021,9,3,2024-11-21,1,1.0
U0337,P0025,5,1,2024-05-22,1,
U0337,P0072,5,1,2024-03-03,1,
U0337,P0074,9,3,2024-07-28,1,1.0
U0338,P0021,4,2,2024-08-09,0,1.0
U0338,P0074,9,3,2024-07-19,1,5.0
U0339,P0025,1,1,2024-08-14,0,
U0339,P0074,4,2,2024-11-20,0,
U0340,P0009,1,1,2024-09-12,0,
U0340,P0074,9,3,2024-09-05,1,
U0341,P0009,3,1,2024-05-17,0,
U0341,P0025,1,1,2024-08-13,0,
U0341,P0072,4,2,2024-12-12,0,5.0
U0341,P0074,9,3,2024-12-28,1,5.0
U0342,P0021,3,1,2024-10-28,0,1.0
U0342,P0074,4,2,2024-08-01,0,2.5
U0343,P0009,1,1,2024-02-19,0,4.0
U0343,P0021,1,1,2024-10-19,0,
U0343,P0064,1,1,2024-12-19,0,
U0343,P0074,9,3,2024-10-16,1,
U0343,P0114,3,1,2024-12-29,0,3.0
U0344,P0009,6,2,2024-04-16,1,
U0344,P0021,4,2,2024-07-01,0,2.0
U0344,P0074,4,2,2024-07-27,0,
U0345,P0021,1,1,2024-01-07,0,
U0345,P0074,9,3,2024-12-21,1,3.0
U0346,P0021,1,1,2024-09-27,0,
U0346,P0074,4,2,2024-09-23,0,3.0
U0347,P0009,1,1,2024-12-21,0,
U0347,P0074,9,3,2024-10-19,1,4.0
U0347,P0121,3,1,2024-04-26,0,
U0348,P0021,6,2,2024-10-18,1,
U0348,P0074,4,2,2024-02-04,0,3.0
U0348,P0109,1,1,2024-09-17,0,
U0349,P0021,5,1,2024-02-10,1,
U0349,P0074,6,2,2024-09-02,1,
U0350,P0074,9,3,2024-11-01,1,
U0350,P0146,1,1,2024-05-28,0,
U0351,P0021,1,1,2024-07-12,0,
U0351,P0074,9,3,2024-08-24,1,4.0
U0351,P0085,3,1,2024-11-15,0,3.0
U0352,P0074,9,3,2024-11-02,1,5.0
U0352,P0085,1,1,2024-05-19,0,
U0353,P0074,9,3,2024-10-22,1,5.0
U0354,P0021,4,2,2024-10-14,0,1.0
U0354,P0028,1,1,2024-06-04,0,
U0354,P0074,9,3,2024-08-09,1,1.6666666666666667
U0354,P0098,3,1,2024-04-08,0,
U0355,P0074,9,3,2024-05-31,1,3.0
U0356,P0021,6,2,2024-01-24,1,3.0
U0356,P0074,6,2,2024-07-01,1,
U0357,P0021,8,2,2024-09-08,1,2.0
U0357,P0074,9,3,2024-12-14,1,4.0
U0357,P0077,5,1,2024-07-14,1,
U0358,P0021,1,1,2024-10-29,0,5.0
U0358,P0072,1,1,2024-11-10,0,1.0
U0358,P0074,9,3,2024-11-27,1,
U0359,P0025,3,1,2024-01-24,0,
U0359,P0074,9,3,2024-10-05,1,
U0360,P0021,6,2,2024-02-12,1,3.0
U0360,P0074,9,3,2024-11-27,1,3.0
U0361,P0021,1,1,2024-09-03,0,
U0361,P0025,1,1,2024-03-18,0,
U0361,P0074,9,3,2024-10-16,1,
U0362,P0074,4,2,2024-11-09,0,
U0363,P0009,1,1,2024-06-03,0,2.0
U0363,P0021,4,2,2024-09-21,0,3.0
U0363,P0074,6,2,2024-04-05,1,
U0364,P0009,4,2,2024-02-29,0,
U0364,P0021,1,1,2024-06-12,0,
U0364,P0025,5,1,2024-09-01,1,
U0364,P0074,9,3,2024-09-01,1,2.5
U0365,P0021,6,2,2024-06-05,1,
U0365,P0072,1,1,2024-11-27,0,4.0
U0365,P0074,9,3,2024-09-10,1,2.0
U0365,P0121,1,1,2024-11-05,0,
U0366,P0009,1,1,2024-04-10,0,
U0366,P0021,4,2,2024-07-08,0,3.5
U0366,P0074,9,3,2024-08-08,1,5.0
U0367,P0021,6,2,2024-09-16,1,
U0367,P0025,3,1,2024-10-06,0,3.0
U0367,P0074,9,3,2024-11-03,1,
U0368,P0021,4,2,2024-06-12,0,2.0
U0368,P0074,9,3,2024-11-08,1,1.5
U0369,P0009,1,1,2024-04-28,0,4.0
U0369,P0021,4,2,2024-05-30,0,4.0
U0369,P0074,4,2,2024-05-11,0,
U0369,P0085,1,1,2024-08-21,0,2.0
U0370,P0009,1,1,2024-06-10,0,
U0370,P0021,6,2,2024-12-26,1,3.0
U0370,P0052,1,1,2024-04-03,0,
U0370,P0074,9,3,2024-10-29,1,3.0
U0371,P0074,4,2,2024-09-04,0,1.0
U0372,P0025,5,1,2024-07-08,1,1.0
U0372,P0074,9,3,2024-12-12,1,2.0
U0373,P0021,3,1,2024-12-12,0,
U0373,P0072,1,1,2024-09-18,0,3.0
U0373,P0074,9,3,2024-09-11,1,2.0
U0374,P0009,1,1,2024-04-07,0,
U0374,P0074,9,3,2024-06-17,1,5.0
U0375,P0009,1,1,2024-02-08,0,
U0375,P0021,6,2,2024-10-11,1,
U0375,P0040,1,1,2024-02-24,0,
U0375,P0074,9,3,2024-07-04,1,4.5
U0376,P0009,6,2,2024-08-19,1,5.0
U0376,P0074,9,3,2024-09-20,1,1.0
U0377,P0021,1,1,2024-09-19,0,
U0377,P0025,5,1,2024-11-09,1,5.0
U0377,P0074,9,3,2024-09-30,1,4.0
U0377,P0115,1,1,2024-10-16,0,
U0378,P0007,1,1,2024-08-12,0,
U0378,P0009,1,1,2024-06-13,0,3.0
U0378,P0074,9,3,2024-11-02,1,1.0
U0378,P0149,3,1,2024-11-01,0,1.0
U0379,P0009,1,1,2024-05-11,0,3.0
U0379,P0074,9,3,2024-09-01,1,3.0
U0379,P0085,1,1,2024-05-14,0,
U0380,P0021,3,1,2024-01-06,0,
U0380,P0057,1,1,2024-08-11,0,
U0380,P0074,9,3,2024-12-15,1,5.0
U0381,P0007,1,1,2024-11-18,0,
U0381,P0021,1,1,2024-12-18,0,2.0
U0381,P0074,9,3,2024-05-23,1,
U0382,P0021,1,1,2024-03-01,0,
U0382,P0074,9,3,2024-12-04,1,
U0383,P0009,1,1,2024-04-26,0,
U0383,P0021,5,1,2024-06-19,1,
U0383,P0057,1,1,2024-11-13,0,
U0383,P0064,1,1,2024-04-30,0,3.0
U0383,P0074,9,3,2024-12-17,1,
U0384,P0021,1,1,2024-12-05,0,
U0384,P0070,1,1,2024-04-01,0,
U0384,P0074,9,3,2024-11-22,1,5.0
U0385,P0021,1,1,2024-08-24,0,5.0
U0385,P0074,9,3,2024-11-21,1,5.0
U0386,P0074,4,2,2024-10-13,0,
U0387,P0021,4,2,2024-03-29,0,
U0387,P0074,9,3,2024-12-12,1,3.5
U0388,P0021,1,1,2024-06-14,0,
U0388,P0071,5,1,2024-10-16,1,
U0388,P0074,9,3,2024-12-09,1,5.0
U0388,P0146,3,1,2024-12-01,0,
U0389,P0021,1,1,2024-12-05,0,4.0
U0389,P0074,9,3,2024-11-21,1,2.5
U0390,P0009,1,1,2024-12-03,0,
U0390,P0052,1,1,2024-03-25,0,1.0
U0390,P0074,9,3,2024-05-09,1,5.0
U0391,P0009,5,1,2024-09-23,1,
U0391,P0064,1,1,2024-07-25,0,5.0
U0391,P0074,9,3,2024-07-08,1,3.0
U0392,P0074,6,2,2024-08-12,1,1.0
U0392,P0183,1,1,2024-05-05,0,
U0393,P0021,6,2,2024-10-05,1,
U0393,P0074,9,3,2024-06-06,1,3.0
U0394,P0021,1,1,2024-10-26,0,4.0
U0394,P0025,1,1,2024-04-09,0,
U0394,P0074,6,2,2024-11-24,1,1.5
U0395,P0021,3,1,2024-11-10,0,
U0395,P0072,1,1,2024-04-22,0,2.0
U0395,P0074,9,3,2024-11-28,1,3.0
U0396,P0021,5,1,2024-08-21,1,
U0396,P0074,4,2,2024-09-15,0,2.0
U0397,P0009,1,1,2024-01-15,0,2.0
U0397,P0025,1,1,2024-10-24,0,
U0397,P0074,9,3,2024-09-28,1,3.0
U0397,P0085,3,1,2024-02-06,0,
U0398,P0021,5,1,2024-09-25,1,
U0398,P0074,6,2,2024-10-11,1,
U0399,P0021,6,2,2024-11-12,1,
U0399,P0074,9,3,2024-02-24,1,1.0
U0399,P0089,3,1,2024-01-19,0,
U0399,P0128,1,1,2024-01-06,0,5.0
U0400,P0009,3,1,2024-09-11,0,2.0
U0400,P0021,1,1,2024-04-14,0,2.0
U0400,P0074,9,3,2024-11-22,1,2.0
U0401,P0021,1,1,2024-06-23,0,
U0401,P0074,9,3,2024-12-26,1,4.0
U0402,P0021,3,1,2024-04-06,0,
U0402,P0074,9,3,2024-12-03,1,1.0
U0403,P0009,1,1,2024-07-27,0,2.0
U0403,P0021,9,3,2024-12-13,1,1.0
U0403,P0074,9,3,2024-11-28,1,2.0
U0404,P0021,4,2,2024-11-10,0,
U0404,P0074,9,3,2024-05-04,1,2.5
U0405,P0009,6,2,2024-11-10,1,
U0405,P0021,6,2,2024-12-10,1,3.0
U0405,P0074,9,3,2024-09-25,1,2.0
U0405,P0114,1,1,2024-03-02,0,
U0406,P0009,3,1,2024-05-18,0,
U0406,P0021,3,1,2024-09-04,0,
U0406,P0037,5,1,2024-03-23,1,4.0
U0406,P0074,9,3,2024-11-25,1,4.0
U0406,P0077,3,1,2024-10-30,0,4.0
U0407,P0074,9,3,2024-10-03,1,3.0
U0408,P0021,6,2,2024-09-20,1,1.0
U0408,P0072,1,1,2024-04-17,0,
U0408,P0074,9,3,2024-12-22,1,3.5
U0409,P0021,6,2,2024-12-13,1,1.0
U0409,P0025,1,1,2024-12-04,0,
U0409,P0059,3,1,2024-06-20,0,
U0409,P0074,9,3,2024-12-22,1,
U0410,P0025,1,1,2024-08-31,0,4.0
U0410,P0074,1,1,2024-06-29,0,4.0
U0411,P0074,9,3,2024-12-28,1,3.0
U0412,P0009,1,1,2024-04-20,0,
U0412,P0021,1,1,2024-02-24,0,
U0412,P0022,1,1,2024-03-15,0,2.0
U0412,P0025,1,1,2024-07-04,0,
U0412,P0052,3,1,2024-09-12,0,5.0
U0412,P0074,9,3,2024-11-13,1,2.3333333333333335
U0412,P0117,1,1,2024-05-25,0,
U0413,P0009,1,1,2024-12-30,0,
U0413,P0052,1,1,2024-10-24,0,
U0413,P0074,9,3,2024-06-21,1,2.5
U0413,P0076,1,1,2024-09-28,0,
U0414,P0009,5,1,2024-12-06,1,
U0414,P0021,6,2,2024-09-06,1,2.0
U0414,P0057,1,1,2024-01-12,0,4.0
U0414,P0074,9,3,2024-08-06,1,3.0
U0415,P0009,1,1,2024-07-08,0,
U0415,P0057,3,1,2024-12-10,0,
U0415,P0074,9,3,2024-10-19,1,2.0
U0416,P0009,1,1,2024-11-28,0,2.0
U0416,P0021,1,1,2024-11-24,0,
U0416,P0025,3,1,2024-11-10,0,
U0416,P0074,9,3,2024-10-20,1,4.0
U0417,P0021,4,2,2024-04-27,0,3.0
U0417,P0074,4,2,2024-11-12,0,3.5
U0418,P0021,1,1,2024-03-10,0,5.0
U0418,P0074,9,3,2024-12-15,1,
U0419,P0021,1,1,2024-11-13,0,5.0
U0419,P0074,9,3,2024-08-22,1,3.0
U0420,P0021,1,1,2024-12-24,0,
U0420,P0074,9,3,2024-11-28,1,3.0
U0421,P0021,4,2,2024-07-26,0,
U0421,P0074,9,3,2024-09-23,1,
U0422,P0009,1,1,2024-10-11,0,
U0422,P0074,9,3,2024-08-31,1,
U0423,P0021,1,1,2024-11-09,0,2.0
U0423,P0072,1,1,2024-04-27,0,2.0
U0423,P0074,9,3,2024-06-16,1,3.3333333333333335
U0424,P0009,1,1,2024-10-05,0,3.0
U0424,P0021,9,3,2024-08-27,1,2.0
U0424,P0037,1,1,2024-06-20,0,4.0
U0424,P0074,9,3,2024-09-15,1,
U0425,P0021,1,1,2024-08-14,0,3.0
U0425,P0064,5,1,2024-07-30,1,
U0425,P0074,9,3,2024-10-12,1,4.0
U0426,P0009,1,1,2024-03-24,0,
U0426,P0021,1,1,2024-11-06,0,
U0426,P0074,9,3,2024-10-31,1,
U0427,P0009,3,1,2024-05-27,0,
U0427,P0021,4,2,2024-10-04,0,
U0427,P0074,9,3,2024-11-13,1,1.6666666666666667
U0427,P0153,3,1,2024-03-24,0,
U0428,P0009,1,1,2024-09-22,0,
U0428,P0021,4,2,2024-07-04,0,
U0428,P0042,5,1,2024-07-28,1,
U0428,P0072,3,1,2024-03-02,0,
U0428,P0074,9,3,2024-07-02,1,4.0
U0429,P0021,5,1,2024-01-12,1,1.0
U0429,P0074,9,3,2024-05-31,1,
U0429,P0148,1,1,2024-11-05,0,
U0430,P0021,1,1,2024-02-05,0,
U0430,P0074,9,3,2024-07-26,1,2.0
U0431,P0074,9,3,2024-11-10,1,3.0
U0432,P0009,1,1,2024-12-01,0,4.0
U0432,P0074,9,3,2024-12-27,1,1.0
U0433,P0021,1,1,2024-01-21,0,
U0433,P0045,1,1,2024-06-27,0,1.0
U0433,P0074,9,3,2024-12-23,1,4.0
U0434,P0021,1,1,2024-01-11,0,
U0434,P0074,9,3,2024-12-15,1,
U0435,P0021,5,1,2024-09-26,1,4.0
U0435,P0074,9,3,2024-11-02,1,4.0
U0435,P0183,1,1,2024-09-14,0,
U0436,P0043,1,1,2024-10-25,0,
U0436,P0074,9,3,2024-11-04,1,
U0437,P0021,1,1,2024-01-15,0,4.0
U0437,P0074,9,3,2024-11-09,1,3.5
U0438,P0009,6,2,2024-12-20,1,
U0438,P0021,1,1,2024-07-01,0,
U0438,P0025,5,1,2024-03-06,1,
U0438,P0057,3,1,2024-01-10,0,
U0438,P0074,4,2,2024-05-02,0,1.0
U0439,P0074,9,3,2024-08-02,1,
U0440,P0021,3,1,2024-10-14,0,
U0440,P0037,1,1,2024-01-01,0,
U0440,P0074,9,3,2024-11-19,1,2.0
U0441,P0009,3,1,2024-06-25,0,5.0
U0441,P0021,1,1,2024-09-18,0,
U0441,P0074,9,3,2024-06-10,1,2.3333333333333335
U0442,P0009,3,1,2024-09-21,0,
U0442,P0021,4,2,2024-08-30,0,1.0
U0442,P0074,9,3,2024-11-28,1,
U0443,P0021,1,1,2024-03-08,0,1.0
U0443,P0074,9,3,2024-12-30,1,1.0
U0444,P0009,3,1,2024-09-01,0,5.0
U0444,P0074,9,3,2024-08-16,1,
U0445,P0009,1,1,2024-04-25,0,
U0445,P0021,3,1,2024-04-15,0,3.0
U0445,P0074,9,3,2024-09-01,1,4.0
U0446,P0021,1,1,2024-11-08,0,4.0
U0446,P0074,4,2,2024-12-02,0,4.0
U0447,P0074,9,3,2024-09-20,1,3.0
U0448,P0021,4,2,2024-11-21,0,
U0448,P0074,9,3,2024-10-23,1,4.0
U0449,P0009,1,1,2024-01-24,0,4.0
U0449,P0074,9,3,2024-12-24,1,
U0450,P0009,5,1,2024-02-09,1,
U0450,P0021,3,1,2024-06-06,0,
U0450,P0074,9,3,2024-10-25,1,
U0451,P0009,1,1,2024-05-03,0,
U0451,P0021,4,2,2024-11-10,0,5.0
U0451,P0025,1,1,2024-06-07,0,5.0
U0451,P0074,9,3,2024-08-22,1,3.0
U0452,P0021,3,1,2024-12-30,0,
U0452,P0050,1,1,2024-09-26,0,
U0452,P0064,1,1,2024-02-10,0,
U0452,P0074,9,3,2024-09-11,1,4.0
U0453,P0009,5,1,2024-10-08,1,
U0453,P0074,9,3,2024-06-23,1,
U0454,P0021,1,1,2024-03-24,0,2.0
U0454,P0074,9,3,2024-12-25,1,3.0
U0455,P0009,3,1,2024-10-08,0,2.0
U0455,P0021,6,2,2024-02-25,1,
U0455,P0074,9,3,2024-08-12,1,
U0455,P0098,3,1,2024-08-18,0,5.0
U0456,P0009,3,1,2024-10-16,0,
U0456,P0072,3,1,2024-05-19,0,2.0
U0456,P0074,9,3,2024-12-11,1,3.5
U0457,P0021,1,1,2024-04-24,0,
U0457,P0074,9,3,2024-12-30,1,2.0
U0458,P0009,1,1,2024-02-07,0,5.0
U0458,P0027,3,1,2024-08-15,0,1.0
U0458,P0074,6,2,2024-08-02,1,
U0459,P0021,1,1,2024-03-05,0,5.0
U0459,P0074,9,3,2024-12-08,1,
U0460,P0021,3,1,2024-11-01,0,
U0460,P0074,9,3,2024-11-14,1,
U0460,P0146,3,1,2024-08-12,0,4.0
U0461,P0009,1,1,2024-02-21,0,5.0
U0461,P0052,5,1,2024-12-23,1,
U0461,P0074,4,2,2024-11-13,0,2.5
U0462,P0009,1,1,2024-06-20,0,
U0462,P0021,4,2,2024-12-30,0,3.5
U0462,P0025,3,1,2024-01-01,0,
U0462,P0074,9,3,2024-08-18,1,3.0
U0463,P0074,9,3,2024-12-03,1,
U0464,P0074,6,2,2024-08-14,1,
U0465,P0021,1,1,2024-09-01,0,3.0
U0465,P0025,1,1,2024-08-13,0,4.0
U0465,P0074,4,2,2024-12-22,0,
U0466,P0009,1,1,2024-08-05,0,4.0
U0466,P0021,1,1,2024-05-22,0,2.0
U0466,P0074,4,2,2024-07-29,0,4.0
U0466,P0198,1,1,2024-06-18,0,
U0467,P0021,6,2,2024-03-28,1,
U0467,P0025,1,1,2024-03-19,0,
U0467,P0074,4,2,2024-10-10,0,3.0
U0468,P0009,3,1,2024-07-31,0,3.0
U0468,P0062,1,1,2024-04-11,0,
U0468,P0072,3,1,2024-09-16,0,
U0468,P0074,9,3,2024-05-19,1,1.0
U0468,P0124,1,1,2024-05-25,0,
U0469,P0044,1,1,2024-10-11,0,
U0469,P0074,9,3,2024-10-22,1,
U0470,P0021,1,1,2024-10-26,0,3.0
U0470,P0074,9,3,2024-01-16,1,
U0471,P0009,1,1,2024-06-26,0,
U0471,P0021,3,1,2024-03-14,0,
U0471,P0074,9,3,2024-03-05,1,1.0
U0472,P0021,1,1,2024-08-20,0,3.0
U0472,P0025,1,1,2024-03-04,0,
U0472,P0074,4,2,2024-04-05,0,3.0
U0473,P0021,6,2,2024-01-30,1,
U0473,P0074,9,3,2024-12-30,1,
U0474,P0009,1,1,2024-09-24,0,
U0474,P0021,1,1,2024-11-03,0,1.0
U0474,P0074,9,3,2024-10-13,1,3.0
U0475,P0009,1,1,2024-08-27,0,
U0475,P0021,1,1,2024-10-02,0,4.0
U0475,P0074,9,3,2024-12-04,1,1.5
U0476,P0009,3,1,2024-08-19,0,
U0476,P0074,9,3,2024-06-05,1,5.0
U0476,P0155,5,1,2024-06-09,1,
U0477,P0009,1,1,2024-08-06,0,4.0
U0477,P0021,1,1,2024-05-02,0,
U0477,P0074,6,2,2024-10-18,1,3.5
U0478,P0021,1,1,2024-03-07,0,
U0478,P0074,9,3,2024-08-12,1,2.5
U0479,P0074,9,3,2024-08-12,1,4.0
U0480,P0021,1,1,2024-08-15,0,
U0480,P0074,9,3,2024-04-22,1,5.0
U0481,P0021,3,1,2024-04-04,0,
U0481,P0074,9,3,2024-10-17,1,4.5
U0481,P0075,1,1,2024-06-11,0,1.0
U0482,P0021,1,1,2024-10-04,0,1.0
U0482,P0074,9,3,2024-10-24,1,
U0483,P0021,1,1,2024-03-19,0,
U0483,P0074,9,3,2024-10-13,1,1.0
U0484,P0009,3,1,2024-06-27,0,
U0484,P0021,9,3,2024-12-20,1,
U0484,P0074,1,1,2024-01-06,0,3.0
U0485,P0021,1,1,2024-08-09,0,
U0485,P0074,9,3,2024-12-19,1,
U0485,P0125,1,1,2024-09-21,0,1.0
U0486,P0074,9,3,2024-11-11,1,
U0486,P0146,1,1,2024-04-15,0,
U0487,P0059,5,1,2024-04-04,1,
U0487,P0074,9,3,2024-08-24,1,4.0
U0488,P0009,5,1,2024-12-18,1,
U0488,P0021,1,1,2024-09-04,0,
U0488,P0074,4,2,2024-11-03,0,3.0
U0489,P0072,1,1,2024-04-30,0,
U0489,P0074,9,3,2024-10-31,1,3.0
U0490,P0021,4,2,2024-09-20,0,
U0490,P0074,9,3,2024-12-18,1,1.3333333333333333
U0491,P0021,1,1,2024-02-21,0,4.0
U0491,P0074,9,3,2024-10-18,1,3.0
U0492,P0057,5,1,2024-09-15,1,
U0492,P0072,3,1,2024-11-18,0,
U0492,P0074,4,2,2024-08-12,0,
U0493,P0009,1,1,2024-02-24,0,
U0493,P0074,6,2,2024-09-21,1,
U0494,P0021,1,1,2024-06-14,0,
U0494,P0074,9,3,2024-09-15,1,5.0
U0495,P0021,1,1,2024-01-23,0,
U0495,P0074,4,2,2024-03-15,0,
U0495,P0146,3,1,2024-09-19,0,
U0496,P0009,1,1,2024-06-21,0,
U0496,P0064,1,1,2024-07-11,0,
U0496,P0074,9,3,2024-12-13,1,1.5
U0497,P0021,5,1,2024-10-03,1,
U0497,P0074,6,2,2024-07-23,1,
U0498,P0025,1,1,2024-03-11,0,
U0498,P0074,9,3,2024-12-18,1,4.5
U0499,P0021,1,1,2024-06-26,0,5.0
U0499,P0032,1,1,2024-06-10,0,3.0
U0499,P0074,9,3,2024-09-29,1,3.0
U0500,P0009,1,1,2024-12-22,0,
U0500,P0021,5,1,2024-04-03,1,
U0500,P0037,3,1,2024-02-29,0,
U0500,P0074,9,3,2024-09-23,1,
